Data,Loja,Item,Real,Previsto
194,CA_1,FOODS_3_090,679,737.7210717886028
195,CA_1,FOODS_3_090,540,701.624097948113
196,CA_1,FOODS_3_090,674,701.624097948113
197,CA_1,FOODS_3_090,652,701.624097948113
198,CA_1,FOODS_3_090,471,701.624097948113
199,CA_1,FOODS_3_090,474,701.624097948113
200,CA_1,FOODS_3_090,692,701.624097948113
201,CA_1,FOODS_3_090,377,701.624097948113
202,CA_1,FOODS_3_090,0,701.624097948113
203,CA_1,FOODS_3_090,0,701.624097948113
204,CA_1,FOODS_3_090,0,701.624097948113
205,CA_1,FOODS_3_090,0,701.624097948113
206,CA_1,FOODS_3_090,338,701.624097948113
207,CA_1,FOODS_3_090,508,701.624097948113
208,CA_1,FOODS_3_090,509,701.624097948113
209,CA_1,FOODS_3_090,600,701.624097948113
210,CA_1,FOODS_3_090,655,701.624097948113
211,CA_1,FOODS_3_090,659,701.624097948113
212,CA_1,FOODS_3_090,0,701.624097948113
213,CA_1,FOODS_3_090,0,701.624097948113
214,CA_1,FOODS_3_090,0,701.624097948113
215,CA_1,FOODS_3_090,73,701.624097948113
216,CA_1,FOODS_3_090,430,701.624097948113
217,CA_1,FOODS_3_090,431,701.624097948113
218,CA_1,FOODS_3_090,372,701.624097948113
219,CA_1,FOODS_3_090,561,701.624097948113
220,CA_1,FOODS_3_090,419,701.624097948113
221,CA_1,FOODS_3_090,444,701.624097948113
222,CA_1,FOODS_3_090,450,701.624097948113
223,CA_1,FOODS_3_090,561,701.624097948113
224,CA_1,FOODS_3_090,576,701.624097948113
225,CA_1,FOODS_3_090,0,701.624097948113
226,CA_1,FOODS_3_090,0,701.624097948113
227,CA_1,FOODS_3_090,0,701.624097948113
228,CA_1,FOODS_3_090,0,701.624097948113
229,CA_1,FOODS_3_090,277,701.624097948113
230,CA_1,FOODS_3_090,533,701.624097948113
231,CA_1,FOODS_3_090,468,701.624097948113
232,CA_1,FOODS_3_090,519,701.624097948113
233,CA_1,FOODS_3_090,450,701.624097948113
234,CA_1,FOODS_3_090,562,701.624097948113
235,CA_1,FOODS_3_090,455,701.624097948113
236,CA_1,FOODS_3_090,431,701.624097948113
237,CA_1,FOODS_3_090,440,701.624097948113
238,CA_1,FOODS_3_090,320,701.624097948113
239,CA_1,FOODS_3_090,438,701.624097948113
240,CA_1,FOODS_3_090,413,701.624097948113
241,CA_1,FOODS_3_090,490,701.624097948113
242,CA_1,FOODS_3_090,431,701.624097948113
243,CA_1,FOODS_3_090,392,701.624097948113
244,CA_1,FOODS_3_090,362,701.624097948113
245,CA_1,FOODS_3_090,446,701.624097948113
246,CA_1,FOODS_3_090,407,701.624097948113
247,CA_1,FOODS_3_090,368,701.624097948113
248,CA_1,FOODS_3_090,443,701.624097948113
249,CA_1,FOODS_3_090,419,701.624097948113
250,CA_1,FOODS_3_090,433,701.624097948113
251,CA_1,FOODS_3_090,324,701.624097948113
252,CA_1,FOODS_3_090,832,701.624097948113
253,CA_1,FOODS_3_090,243,701.624097948113
254,CA_1,FOODS_3_090,0,701.624097948113
255,CA_1,FOODS_3_090,0,701.624097948113
256,CA_1,FOODS_3_090,0,701.624097948113
257,CA_1,FOODS_3_090,0,701.624097948113
258,CA_1,FOODS_3_090,36,701.624097948113
259,CA_1,FOODS_3_090,367,701.624097948113
260,CA_1,FOODS_3_090,379,701.624097948113
261,CA_1,FOODS_3_090,326,701.624097948113
262,CA_1,FOODS_3_090,323,701.624097948113
263,CA_1,FOODS_3_090,332,701.624097948113
264,CA_1,FOODS_3_090,305,701.624097948113
265,CA_1,FOODS_3_090,365,701.624097948113
266,CA_1,FOODS_3_090,404,701.624097948113
267,CA_1,FOODS_3_090,371,701.624097948113
268,CA_1,FOODS_3_090,332,701.624097948113
269,CA_1,FOODS_3_090,354,701.624097948113
270,CA_1,FOODS_3_090,390,701.624097948113
271,CA_1,FOODS_3_090,347,701.624097948113
272,CA_1,FOODS_3_090,367,701.624097948113
273,CA_1,FOODS_3_090,369,701.624097948113
274,CA_1,FOODS_3_090,408,701.624097948113
275,CA_1,FOODS_3_090,447,701.624097948113
276,CA_1,FOODS_3_090,453,701.624097948113
277,CA_1,FOODS_3_090,368,701.624097948113
194,CA_1,FOODS_3_586,324,328.1617963243424
195,CA_1,FOODS_3_586,353,325.2403544017114
196,CA_1,FOODS_3_586,306,320.967119924133
197,CA_1,FOODS_3_586,324,322.990381407708
198,CA_1,FOODS_3_586,344,334.32968339913555
199,CA_1,FOODS_3_586,312,328.64222806703185
200,CA_1,FOODS_3_586,351,325.22868229287707
201,CA_1,FOODS_3_586,348,324.3869913419545
202,CA_1,FOODS_3_586,358,339.78819288115477
203,CA_1,FOODS_3_586,352,329.47606285738135
204,CA_1,FOODS_3_586,421,342.7903560468694
205,CA_1,FOODS_3_586,269,315.73474775603745
206,CA_1,FOODS_3_586,279,310.71283265211457
207,CA_1,FOODS_3_586,256,287.99684840553135
208,CA_1,FOODS_3_586,277,283.7332664347238
209,CA_1,FOODS_3_586,235,272.72304575606637
210,CA_1,FOODS_3_586,279,283.09513268851674
211,CA_1,FOODS_3_586,297,311.34999503370744
212,CA_1,FOODS_3_586,260,298.8599611298957
213,CA_1,FOODS_3_586,206,283.4264272598246
214,CA_1,FOODS_3_586,234,308.9814893800374
215,CA_1,FOODS_3_586,304,295.2666219640242
216,CA_1,FOODS_3_586,291,283.2617165845548
217,CA_1,FOODS_3_586,269,289.2443776830582
218,CA_1,FOODS_3_586,283,304.1868859202157
219,CA_1,FOODS_3_586,316,307.5073249957581
220,CA_1,FOODS_3_586,296,304.28897260879853
221,CA_1,FOODS_3_586,340,313.55642215214965
222,CA_1,FOODS_3_586,273,292.010519137122
223,CA_1,FOODS_3_586,287,304.8987222852663
224,CA_1,FOODS_3_586,393,305.5235919106667
225,CA_1,FOODS_3_586,378,292.68762885464906
226,CA_1,FOODS_3_586,367,291.36862778448193
227,CA_1,FOODS_3_586,417,322.3221076582777
228,CA_1,FOODS_3_586,409,325.7449708078031
229,CA_1,FOODS_3_586,390,317.0418304766805
230,CA_1,FOODS_3_586,407,316.45930527116457
231,CA_1,FOODS_3_586,390,339.4127339655245
232,CA_1,FOODS_3_586,342,352.6490104941172
233,CA_1,FOODS_3_586,346,353.6758664567827
234,CA_1,FOODS_3_586,322,366.8013011205588
235,CA_1,FOODS_3_586,329,355.38633576752187
236,CA_1,FOODS_3_586,411,373.46056005093146
237,CA_1,FOODS_3_586,432,373.10946120672264
238,CA_1,FOODS_3_586,414,363.0459831728441
239,CA_1,FOODS_3_586,358,341.5067524501529
240,CA_1,FOODS_3_586,318,348.0032050034078
241,CA_1,FOODS_3_586,342,352.47742563969047
242,CA_1,FOODS_3_586,308,334.2158566956592
243,CA_1,FOODS_3_586,289,316.4760534172625
244,CA_1,FOODS_3_586,253,316.74182331045046
245,CA_1,FOODS_3_586,303,331.52956202851846
246,CA_1,FOODS_3_586,307,325.67985776903924
247,CA_1,FOODS_3_586,266,325.1506575057197
248,CA_1,FOODS_3_586,264,323.217247892979
249,CA_1,FOODS_3_586,255,323.34486567491314
250,CA_1,FOODS_3_586,286,330.5214091277938
251,CA_1,FOODS_3_586,280,324.9027867679112
252,CA_1,FOODS_3_586,319,325.80572295783657
253,CA_1,FOODS_3_586,265,323.2579918257516
254,CA_1,FOODS_3_586,320,331.7306999407296
255,CA_1,FOODS_3_586,308,325.9414054726618
256,CA_1,FOODS_3_586,335,333.88810480464304
257,CA_1,FOODS_3_586,214,318.884210307451
258,CA_1,FOODS_3_586,204,317.0711463727709
259,CA_1,FOODS_3_586,191,303.74093115360625
260,CA_1,FOODS_3_586,200,301.622522379998
261,CA_1,FOODS_3_586,216,295.0293750331519
262,CA_1,FOODS_3_586,205,300.3684343542666
263,CA_1,FOODS_3_586,249,315.97111519198853
264,CA_1,FOODS_3_586,276,309.81296871978304
265,CA_1,FOODS_3_586,242,300.38767914328815
266,CA_1,FOODS_3_586,260,314.9721147777552
267,CA_1,FOODS_3_586,274,306.32339718493347
268,CA_1,FOODS_3_586,229,299.7663927836293
269,CA_1,FOODS_3_586,242,303.2264236133159
270,CA_1,FOODS_3_586,284,311.25967471972245
271,CA_1,FOODS_3_586,284,313.6201712291768
272,CA_1,FOODS_3_586,277,313.0834951065092
273,CA_1,FOODS_3_586,279,318.9859713364795
274,CA_1,FOODS_3_586,248,305.1147394694048
275,CA_1,FOODS_3_586,293,311.8799295612403
276,CA_1,FOODS_3_586,323,312.18796282090756
277,CA_1,FOODS_3_586,289,304.78159329843754
194,CA_2,FOODS_3_586,298,321.6693769738402
195,CA_2,FOODS_3_586,271,300.7870155008669
196,CA_2,FOODS_3_586,299,325.07874211228483
197,CA_2,FOODS_3_586,203,312.29362284311753
198,CA_2,FOODS_3_586,254,305.4748925662283
199,CA_2,FOODS_3_586,220,302.06552742778365
200,CA_2,FOODS_3_586,312,332.3236430314796
201,CA_2,FOODS_3_586,262,321.2432063315346
202,CA_2,FOODS_3_586,288,312.2936228431175
203,CA_2,FOODS_3_586,287,328.914277893035
204,CA_2,FOODS_3_586,296,354.4845164313696
205,CA_2,FOODS_3_586,232,292.26360265475535
206,CA_2,FOODS_3_586,227,293.1159439393665
207,CA_2,FOODS_3_586,184,302.9178687123948
208,CA_2,FOODS_3_586,148,301.63935678547807
209,CA_2,FOODS_3_586,91,296.09913843550555
210,CA_2,FOODS_3_586,111,280.3308246701992
211,CA_2,FOODS_3_586,111,302.9178687123948
212,CA_2,FOODS_3_586,119,299.93467421625576
213,CA_2,FOODS_3_586,100,302.4916980700892
214,CA_2,FOODS_3_586,80,305.90106320853386
215,CA_2,FOODS_3_586,87,311.86745220081195
216,CA_2,FOODS_3_586,107,302.06552742778365
217,CA_2,FOODS_3_586,126,309.3104283469785
218,CA_2,FOODS_3_586,96,300.3608448585614
219,CA_2,FOODS_3_586,112,319.53852376231237
220,CA_2,FOODS_3_586,83,332.32364303147966
221,CA_2,FOODS_3_586,73,305.90106320853386
222,CA_2,FOODS_3_586,89,325.5049127545904
223,CA_2,FOODS_3_586,66,321.2432063315346
224,CA_2,FOODS_3_586,69,331.4713017468685
225,CA_2,FOODS_3_586,58,310.16276963158964
226,CA_2,FOODS_3_586,114,311.86745220081195
227,CA_2,FOODS_3_586,250,332.74981367378524
228,CA_2,FOODS_3_586,282,337.4376907391466
229,CA_2,FOODS_3_586,311,331.0451311045629
230,CA_2,FOODS_3_586,286,344.2564210160358
231,CA_2,FOODS_3_586,290,360.4509054236478
232,CA_2,FOODS_3_586,350,335.7330081699243
233,CA_2,FOODS_3_586,335,344.2564210160358
234,CA_2,FOODS_3_586,360,359.172393496731
235,CA_2,FOODS_3_586,338,349.79663936600826
236,CA_2,FOODS_3_586,353,352.7798338621473
237,CA_2,FOODS_3_586,338,354.9106870736752
238,CA_2,FOODS_3_586,371,359.172393496731
239,CA_2,FOODS_3_586,319,345.9611035852581
240,CA_2,FOODS_3_586,364,370.6790008389816
241,CA_2,FOODS_3_586,341,350.6489806506195
242,CA_2,FOODS_3_586,300,355.7630283582864
243,CA_2,FOODS_3_586,320,348.5181274390916
244,CA_2,FOODS_3_586,265,340.84705587759123
245,CA_2,FOODS_3_586,295,357.8938815698143
246,CA_2,FOODS_3_586,317,355.19595588856134
247,CA_2,FOODS_3_586,289,346.2965064867671
248,CA_2,FOODS_3_586,292,356.64892721946654
249,CA_2,FOODS_3_586,353,351.2002847285721
250,CA_2,FOODS_3_586,289,348.2943420667617
251,CA_2,FOODS_3_586,273,346.8413707358565
252,CA_2,FOODS_3_586,348,359.73649129764004
253,CA_2,FOODS_3_586,305,355.0143344721982
254,CA_2,FOODS_3_586,338,351.20028472857206
255,CA_2,FOODS_3_586,308,358.28351996673484
256,CA_2,FOODS_3_586,429,369.18080494852376
257,CA_2,FOODS_3_586,240,342.66407815950413
258,CA_2,FOODS_3_586,239,343.02732099223044
259,CA_2,FOODS_3_586,247,347.20461356858283
260,CA_2,FOODS_3_586,264,346.65974931949336
261,CA_2,FOODS_3_586,247,344.29867090677243
262,CA_2,FOODS_3_586,201,337.57867850133596
263,CA_2,FOODS_3_586,238,347.20461356858283
264,CA_2,FOODS_3_586,256,345.9332636540408
265,CA_2,FOODS_3_586,259,347.0229921522197
266,CA_2,FOODS_3_586,261,348.4759634831249
267,CA_2,FOODS_3_586,271,351.01866331220896
268,CA_2,FOODS_3_586,223,346.8413707358566
269,CA_2,FOODS_3_586,193,349.9289348140301
270,CA_2,FOODS_3_586,272,346.11488507040394
271,CA_2,FOODS_3_586,224,354.2878488067456
272,CA_2,FOODS_3_586,224,359.73649129764004
273,CA_2,FOODS_3_586,253,348.4759634831249
274,CA_2,FOODS_3_586,218,356.8305486358297
275,CA_2,FOODS_3_586,252,355.01433447219824
276,CA_2,FOODS_3_586,240,359.3732484649138
277,CA_2,FOODS_3_586,264,350.2921776467564
194,CA_2,FOODS_3_252,205,198.69267560496274
195,CA_2,FOODS_3_252,228,201.3646736841673
196,CA_2,FOODS_3_252,224,216.56189067373842
197,CA_2,FOODS_3_252,153,193.23842095890404
198,CA_2,FOODS_3_252,207,206.12215199726847
199,CA_2,FOODS_3_252,181,201.28348988387188
200,CA_2,FOODS_3_252,215,236.59480906851542
201,CA_2,FOODS_3_252,233,217.62585937349593
202,CA_2,FOODS_3_252,241,220.04085031079313
203,CA_2,FOODS_3_252,200,242.4742589305687
204,CA_2,FOODS_3_252,268,225.29115095627824
205,CA_2,FOODS_3_252,210,172.85758641184452
206,CA_2,FOODS_3_252,128,172.895268075244
207,CA_2,FOODS_3_252,205,183.52637577690203
208,CA_2,FOODS_3_252,147,187.31842966814548
209,CA_2,FOODS_3_252,78,173.54177776941654
210,CA_2,FOODS_3_252,75,171.95016483918135
211,CA_2,FOODS_3_252,87,201.431356772164
212,CA_2,FOODS_3_252,82,201.4777186743629
213,CA_2,FOODS_3_252,104,188.382398367903
214,CA_2,FOODS_3_252,75,204.57690096923488
215,CA_2,FOODS_3_252,91,209.62429258542397
216,CA_2,FOODS_3_252,98,184.2946107000752
217,CA_2,FOODS_3_252,98,208.22690844568262
218,CA_2,FOODS_3_252,102,212.32337635231264
219,CA_2,FOODS_3_252,112,205.84091893298273
220,CA_2,FOODS_3_252,94,214.2947666247333
221,CA_2,FOODS_3_252,73,192.0382263178472
222,CA_2,FOODS_3_252,115,204.93349736031956
223,CA_2,FOODS_3_252,106,225.4476980833726
224,CA_2,FOODS_3_252,95,224.6475010274114
225,CA_2,FOODS_3_252,92,220.4206276529786
226,CA_2,FOODS_3_252,158,214.8832734697113
227,CA_2,FOODS_3_252,264,213.64243645706432
228,CA_2,FOODS_3_252,344,239.59830685079058
229,CA_2,FOODS_3_252,370,237.64141729066853
230,CA_2,FOODS_3_252,331,222.13692652040513
231,CA_2,FOODS_3_252,360,278.24949996588384
232,CA_2,FOODS_3_252,327,223.29075925926023
233,CA_2,FOODS_3_252,363,233.67831556003205
234,CA_2,FOODS_3_252,379,259.3674536017712
235,CA_2,FOODS_3_252,346,268.84758832987984
236,CA_2,FOODS_3_252,399,253.3807792230159
237,CA_2,FOODS_3_252,401,268.235900533801
238,CA_2,FOODS_3_252,483,282.2126016965202
239,CA_2,FOODS_3_252,334,255.51453709602737
240,CA_2,FOODS_3_252,375,234.21178026400608
241,CA_2,FOODS_3_252,454,260.2111527946282
242,CA_2,FOODS_3_252,322,237.98933344295085
243,CA_2,FOODS_3_252,359,218.59710426884993
244,CA_2,FOODS_3_252,294,243.09758767364025
245,CA_2,FOODS_3_252,354,202.8374211507074
246,CA_2,FOODS_3_252,316,228.64218009276996
247,CA_2,FOODS_3_252,269,222.18480245386664
248,CA_2,FOODS_3_252,298,228.4719427245667
249,CA_2,FOODS_3_252,261,221.25578562532974
250,CA_2,FOODS_3_252,286,214.70125827562546
251,CA_2,FOODS_3_252,269,228.16341099248413
252,CA_2,FOODS_3_252,306,266.00965467631653
253,CA_2,FOODS_3_252,271,236.49027169401737
254,CA_2,FOODS_3_252,298,223.5354775440496
255,CA_2,FOODS_3_252,292,251.8036041701705
256,CA_2,FOODS_3_252,384,237.3404421150888
257,CA_2,FOODS_3_252,212,198.87028106931183
258,CA_2,FOODS_3_252,204,203.94729900371098
259,CA_2,FOODS_3_252,209,198.39034872673952
260,CA_2,FOODS_3_252,207,201.80473820658395
261,CA_2,FOODS_3_252,211,200.8311550926795
262,CA_2,FOODS_3_252,228,195.02737943004198
263,CA_2,FOODS_3_252,268,219.89140273958802
264,CA_2,FOODS_3_252,235,237.41585625705613
265,CA_2,FOODS_3_252,228,209.8230671760346
266,CA_2,FOODS_3_252,273,226.42193613046393
267,CA_2,FOODS_3_252,231,218.52701985384633
268,CA_2,FOODS_3_252,219,222.95269420198235
269,CA_2,FOODS_3_252,177,221.97568945578874
270,CA_2,FOODS_3_252,260,221.2934980129179
271,CA_2,FOODS_3_252,280,227.56006595707876
272,CA_2,FOODS_3_252,189,233.15472862163838
273,CA_2,FOODS_3_252,277,189.24417609394362
274,CA_2,FOODS_3_252,202,223.71716431780888
275,CA_2,FOODS_3_252,241,241.51586944526954
276,CA_2,FOODS_3_252,210,269.03666601661286
277,CA_2,FOODS_3_252,294,229.5929324901325
194,CA_3,FOODS_3_090,806,1191.8342401601283
195,CA_3,FOODS_3_090,746,1124.9074770105387
196,CA_3,FOODS_3_090,842,1079.6851270349548
197,CA_3,FOODS_3_090,948,1032.0809518493743
198,CA_3,FOODS_3_090,882,972.6804858096433
199,CA_3,FOODS_3_090,702,801.0834391381945
200,CA_3,FOODS_3_090,1174,811.2073730479278
201,CA_3,FOODS_3_090,405,1022.2272529290458
202,CA_3,FOODS_3_090,6,888.2005732909417
203,CA_3,FOODS_3_090,33,776.4767980236239
204,CA_3,FOODS_3_090,8,785.2221995961348
205,CA_3,FOODS_3_090,7,1019.597828703403
206,CA_3,FOODS_3_090,304,867.9385843425683
207,CA_3,FOODS_3_090,839,877.8390726675176
208,CA_3,FOODS_3_090,828,928.456022340629
209,CA_3,FOODS_3_090,757,925.8041982113128
210,CA_3,FOODS_3_090,938,931.1777591682991
211,CA_3,FOODS_3_090,772,770.0822501329795
212,CA_3,FOODS_3_090,12,768.6580040896027
213,CA_3,FOODS_3_090,8,771.9634862972913
214,CA_3,FOODS_3_090,11,768.5454180341701
215,CA_3,FOODS_3_090,166,923.6470954539802
216,CA_3,FOODS_3_090,1016,914.8798613774671
217,CA_3,FOODS_3_090,617,907.0172145719837
218,CA_3,FOODS_3_090,616,901.8103036357035
219,CA_3,FOODS_3_090,828,942.9913669401955
220,CA_3,FOODS_3_090,749,919.0218726141298
221,CA_3,FOODS_3_090,832,941.4359450455767
222,CA_3,FOODS_3_090,920,933.1768894228496
223,CA_3,FOODS_3_090,1096,914.7912952461415
224,CA_3,FOODS_3_090,954,879.9207945652525
225,CA_3,FOODS_3_090,8,764.3658650647377
226,CA_3,FOODS_3_090,9,772.6010823335467
227,CA_3,FOODS_3_090,8,757.424494586332
228,CA_3,FOODS_3_090,7,817.5827802247289
229,CA_3,FOODS_3_090,633,925.8942662798212
230,CA_3,FOODS_3_090,949,929.7334529484237
231,CA_3,FOODS_3_090,743,918.7876146141663
232,CA_3,FOODS_3_090,1040,947.2218300772633
233,CA_3,FOODS_3_090,888,927.9286433954267
234,CA_3,FOODS_3_090,1028,946.6086189071872
235,CA_3,FOODS_3_090,741,929.3186533928591
236,CA_3,FOODS_3_090,742,930.2560205668602
237,CA_3,FOODS_3_090,720,919.8285407495508
238,CA_3,FOODS_3_090,1130,925.1071746119608
239,CA_3,FOODS_3_090,861,847.9306048615213
240,CA_3,FOODS_3_090,955,875.5952933199181
241,CA_3,FOODS_3_090,1011,871.9907683628234
242,CA_3,FOODS_3_090,906,898.9857972415924
243,CA_3,FOODS_3_090,903,934.2200227337968
244,CA_3,FOODS_3_090,722,956.9943746733911
245,CA_3,FOODS_3_090,734,988.301524297552
246,CA_3,FOODS_3_090,764,972.4859831272806
247,CA_3,FOODS_3_090,693,960.8350045023021
248,CA_3,FOODS_3_090,814,952.2519720623583
249,CA_3,FOODS_3_090,723,945.9290314548465
250,CA_3,FOODS_3_090,846,941.2710532628892
251,CA_3,FOODS_3_090,791,937.8396180836667
252,CA_3,FOODS_3_090,1165,935.3117515063742
253,CA_3,FOODS_3_090,433,933.4495250329486
254,CA_3,FOODS_3_090,12,932.077661711728
255,CA_3,FOODS_3_090,7,931.0670386758259
256,CA_3,FOODS_3_090,18,930.3225338079596
257,CA_3,FOODS_3_090,12,929.7740726324415
258,CA_3,FOODS_3_090,139,929.3700327476348
259,CA_3,FOODS_3_090,682,929.0723850091957
260,CA_3,FOODS_3_090,575,928.8531141413201
261,CA_3,FOODS_3_090,670,928.6915818758608
262,CA_3,FOODS_3_090,632,928.572584432027
263,CA_3,FOODS_3_090,760,928.4849215022791
264,CA_3,FOODS_3_090,729,928.4203420541464
265,CA_3,FOODS_3_090,786,928.3727677244598
266,CA_3,FOODS_3_090,821,928.3377207101142
267,CA_3,FOODS_3_090,756,928.3119023071514
268,CA_3,FOODS_3_090,713,928.2928824293102
269,CA_3,FOODS_3_090,693,928.2788708828325
270,CA_3,FOODS_3_090,907,928.2685488693929
271,CA_3,FOODS_3_090,752,928.2609448578288
272,CA_3,FOODS_3_090,760,928.2553431414383
273,CA_3,FOODS_3_090,844,928.251216474053
274,CA_3,FOODS_3_090,872,928.2481764444402
275,CA_3,FOODS_3_090,809,928.2459369181631
276,CA_3,FOODS_3_090,930,928.2442871059624
277,CA_3,FOODS_3_090,791,928.2430717237962
194,CA_3,FOODS_3_586,513,552.7735755681371
195,CA_3,FOODS_3_586,446,519.7064250033443
196,CA_3,FOODS_3_586,500,541.1763719721462
197,CA_3,FOODS_3_586,527,539.4486684906633
198,CA_3,FOODS_3_586,473,521.5572327059085
199,CA_3,FOODS_3_586,420,558.5065392731757
200,CA_3,FOODS_3_586,531,562.8644216626785
201,CA_3,FOODS_3_586,516,552.9080297017272
202,CA_3,FOODS_3_586,558,570.3844430513232
203,CA_3,FOODS_3_586,495,595.0520589080355
204,CA_3,FOODS_3_586,519,584.2678770801674
205,CA_3,FOODS_3_586,355,526.8715983323415
206,CA_3,FOODS_3_586,419,532.8889381152561
207,CA_3,FOODS_3_586,421,537.03825469461
208,CA_3,FOODS_3_586,392,502.3538562971866
209,CA_3,FOODS_3_586,387,488.06595708313483
210,CA_3,FOODS_3_586,438,538.563708639573
211,CA_3,FOODS_3_586,498,574.9659991250394
212,CA_3,FOODS_3_586,451,525.3474170542022
213,CA_3,FOODS_3_586,369,509.44959534057404
214,CA_3,FOODS_3_586,437,558.795043801415
215,CA_3,FOODS_3_586,434,572.5980239162201
216,CA_3,FOODS_3_586,436,521.7859534490532
217,CA_3,FOODS_3_586,401,517.5796500765368
218,CA_3,FOODS_3_586,401,531.9527878275286
219,CA_3,FOODS_3_586,520,552.755484912267
220,CA_3,FOODS_3_586,449,535.9369268998229
221,CA_3,FOODS_3_586,463,569.1811036460807
222,CA_3,FOODS_3_586,475,514.9176366782599
223,CA_3,FOODS_3_586,504,555.5067648667099
224,CA_3,FOODS_3_586,557,565.688963637024
225,CA_3,FOODS_3_586,567,520.5148032416035
226,CA_3,FOODS_3_586,479,529.4617517904795
227,CA_3,FOODS_3_586,423,577.5781199968375
228,CA_3,FOODS_3_586,597,630.4849851218908
229,CA_3,FOODS_3_586,545,577.549834260087
230,CA_3,FOODS_3_586,557,547.3521195689984
231,CA_3,FOODS_3_586,609,627.4728695767611
232,CA_3,FOODS_3_586,581,572.2382465778794
233,CA_3,FOODS_3_586,585,590.7264266798642
234,CA_3,FOODS_3_586,571,585.7807837674146
235,CA_3,FOODS_3_586,575,580.9957949440243
236,CA_3,FOODS_3_586,570,629.6976738942946
237,CA_3,FOODS_3_586,641,665.450740919856
238,CA_3,FOODS_3_586,687,633.1307087313025
239,CA_3,FOODS_3_586,547,594.2429620289304
240,CA_3,FOODS_3_586,556,580.8016411534734
241,CA_3,FOODS_3_586,645,601.4305218255221
242,CA_3,FOODS_3_586,499,559.2068946068764
243,CA_3,FOODS_3_586,586,520.1420904277458
244,CA_3,FOODS_3_586,458,548.4932593371531
245,CA_3,FOODS_3_586,610,599.4516933828452
246,CA_3,FOODS_3_586,589,573.9531891206209
247,CA_3,FOODS_3_586,528,545.6957427297702
248,CA_3,FOODS_3_586,539,564.0428293436158
249,CA_3,FOODS_3_586,550,562.5664248856136
250,CA_3,FOODS_3_586,523,547.2773455755464
251,CA_3,FOODS_3_586,533,578.8522781497284
252,CA_3,FOODS_3_586,597,582.5762950636658
253,CA_3,FOODS_3_586,490,574.0680865462247
254,CA_3,FOODS_3_586,551,589.0025095278152
255,CA_3,FOODS_3_586,558,610.0821556647066
256,CA_3,FOODS_3_586,591,600.8665614975266
257,CA_3,FOODS_3_586,350,551.8187227194903
258,CA_3,FOODS_3_586,399,556.9608245766816
259,CA_3,FOODS_3_586,351,560.506612127079
260,CA_3,FOODS_3_586,395,530.8671508619279
261,CA_3,FOODS_3_586,392,518.6574642338695
262,CA_3,FOODS_3_586,436,561.8101847765289
263,CA_3,FOODS_3_586,485,592.9176661992689
264,CA_3,FOODS_3_586,479,550.5162376241216
265,CA_3,FOODS_3_586,389,536.9307959658236
266,CA_3,FOODS_3_586,444,579.0988189341924
267,CA_3,FOODS_3_586,429,590.8941192236392
268,CA_3,FOODS_3_586,418,547.4727982839743
269,CA_3,FOODS_3_586,403,543.8783128196269
270,CA_3,FOODS_3_586,475,556.1608398148435
271,CA_3,FOODS_3_586,481,573.9377297983116
272,CA_3,FOODS_3_586,478,559.5654753617877
273,CA_3,FOODS_3_586,503,587.9741990095862
274,CA_3,FOODS_3_586,452,541.6034962839188
275,CA_3,FOODS_3_586,482,576.2888288343945
276,CA_3,FOODS_3_586,455,584.9899999658279
277,CA_3,FOODS_3_586,491,546.3865402233849
194,CA_4,FOODS_3_090,89,241.31503513448817
195,CA_4,FOODS_3_090,193,232.17007849736314
196,CA_4,FOODS_3_090,222,225.0129981931055
197,CA_4,FOODS_3_090,202,219.4116814767808
198,CA_4,FOODS_3_090,181,215.02794570426002
199,CA_4,FOODS_3_090,151,211.59712036505516
200,CA_4,FOODS_3_090,299,208.91206745153028
201,CA_4,FOODS_3_090,64,206.81067538529956
202,CA_4,FOODS_3_090,0,205.1660714395917
203,CA_4,FOODS_3_090,0,203.87896172708128
204,CA_4,FOODS_3_090,0,202.87163627564829
205,CA_4,FOODS_3_090,0,202.0832772451461
206,CA_4,FOODS_3_090,186,201.46628701612903
207,CA_4,FOODS_3_090,194,200.98341445683326
208,CA_4,FOODS_3_090,235,200.6055058651651
209,CA_4,FOODS_3_090,168,200.30974479755568
210,CA_4,FOODS_3_090,323,200.0782745133599
211,CA_4,FOODS_3_090,164,199.8971198641062
212,CA_4,FOODS_3_090,0,199.75534353605508
213,CA_4,FOODS_3_090,0,199.6443857037363
214,CA_4,FOODS_3_090,0,199.5575472256764
215,CA_4,FOODS_3_090,72,199.48958517996792
216,CA_4,FOODS_3_090,230,199.43639631991334
217,CA_4,FOODS_3_090,201,199.39476933820004
218,CA_4,FOODS_3_090,249,199.36219098241685
219,CA_4,FOODS_3_090,290,199.3366943160276
220,CA_4,FOODS_3_090,193,199.31673996347246
221,CA_4,FOODS_3_090,230,199.30112316950354
222,CA_4,FOODS_3_090,242,199.28890106140992
223,CA_4,FOODS_3_090,268,199.2793357225478
224,CA_4,FOODS_3_090,189,199.27184964020864
225,CA_4,FOODS_3_090,0,199.26599083796478
226,CA_4,FOODS_3_090,0,199.26140558733866
227,CA_4,FOODS_3_090,0,199.2578170512473
228,CA_4,FOODS_3_090,0,199.25500856980776
229,CA_4,FOODS_3_090,139,199.25281057937508
230,CA_4,FOODS_3_090,211,199.25109037504183
231,CA_4,FOODS_3_090,266,199.24974409850478
232,CA_4,FOODS_3_090,294,199.24869046756154
233,CA_4,FOODS_3_090,226,199.2478658686519
234,CA_4,FOODS_3_090,274,199.24722051615333
235,CA_4,FOODS_3_090,269,199.2467154465461
236,CA_4,FOODS_3_090,216,199.24632016596885
237,CA_4,FOODS_3_090,213,199.24601080913467
238,CA_4,FOODS_3_090,250,199.24576869845086
239,CA_4,FOODS_3_090,185,199.24557921634883
240,CA_4,FOODS_3_090,230,199.2454309227402
241,CA_4,FOODS_3_090,231,199.24531486431505
242,CA_4,FOODS_3_090,232,199.2452240339807
243,CA_4,FOODS_3_090,261,199.24515294780468
244,CA_4,FOODS_3_090,222,199.24509731391922
245,CA_4,FOODS_3_090,243,199.2450537733972
246,CA_4,FOODS_3_090,224,199.24501969745512
247,CA_4,FOODS_3_090,160,199.24499302873886
248,CA_4,FOODS_3_090,239,199.24497215710966
249,CA_4,FOODS_3_090,180,199.2449558224312
250,CA_4,FOODS_3_090,159,199.24494303848806
251,CA_4,FOODS_3_090,162,199.24493303344252
252,CA_4,FOODS_3_090,381,199.24492520323435
253,CA_4,FOODS_3_090,147,199.2449190751103
254,CA_4,FOODS_3_090,0,199.24491427908143
255,CA_4,FOODS_3_090,0,199.24491052558483
256,CA_4,FOODS_3_090,0,199.244907588001
257,CA_4,FOODS_3_090,0,199.2449052889717
258,CA_4,FOODS_3_090,34,199.24490348969172
259,CA_4,FOODS_3_090,197,199.24490208152852
260,CA_4,FOODS_3_090,187,199.2449009794635
261,CA_4,FOODS_3_090,171,199.2449001169588
262,CA_4,FOODS_3_090,145,199.24489944194025
263,CA_4,FOODS_3_090,194,199.24489891365323
264,CA_4,FOODS_3_090,197,199.2448985002021
265,CA_4,FOODS_3_090,168,199.24489817662453
266,CA_4,FOODS_3_090,220,199.24489792338431
267,CA_4,FOODS_3_090,195,199.24489772519195
268,CA_4,FOODS_3_090,165,199.24489757008146
269,CA_4,FOODS_3_090,198,199.24489744868796
270,CA_4,FOODS_3_090,247,199.24489735368226
271,CA_4,FOODS_3_090,204,199.24489727932834
272,CA_4,FOODS_3_090,177,199.24489722113702
273,CA_4,FOODS_3_090,231,199.24489717559499
274,CA_4,FOODS_3_090,133,199.24489713995263
275,CA_4,FOODS_3_090,167,199.24489711205797
276,CA_4,FOODS_3_090,190,199.24489709022689
277,CA_4,FOODS_3_090,182,199.24489707314132
194,CA_4,FOODS_3_586,132,149.01840747778573
195,CA_4,FOODS_3_586,123,149.01840747778573
196,CA_4,FOODS_3_586,155,149.01840747778573
197,CA_4,FOODS_3_586,157,149.01840747778573
198,CA_4,FOODS_3_586,139,149.01840747778573
199,CA_4,FOODS_3_586,146,149.01840747778573
200,CA_4,FOODS_3_586,163,149.01840747778573
201,CA_4,FOODS_3_586,133,149.01840747778573
202,CA_4,FOODS_3_586,147,149.01840747778573
203,CA_4,FOODS_3_586,116,149.01840747778573
204,CA_4,FOODS_3_586,128,149.01840747778573
205,CA_4,FOODS_3_586,124,149.01840747778573
206,CA_4,FOODS_3_586,115,149.01840747778573
207,CA_4,FOODS_3_586,124,149.01840747778573
208,CA_4,FOODS_3_586,97,149.01840747778573
209,CA_4,FOODS_3_586,138,149.01840747778573
210,CA_4,FOODS_3_586,119,149.01840747778573
211,CA_4,FOODS_3_586,109,149.01840747778573
212,CA_4,FOODS_3_586,140,149.01840747778573
213,CA_4,FOODS_3_586,130,149.01840747778573
214,CA_4,FOODS_3_586,119,149.01840747778573
215,CA_4,FOODS_3_586,70,149.01840747778573
216,CA_4,FOODS_3_586,108,149.01840747778573
217,CA_4,FOODS_3_586,127,149.01840747778573
218,CA_4,FOODS_3_586,104,149.01840747778573
219,CA_4,FOODS_3_586,109,149.01840747778573
220,CA_4,FOODS_3_586,144,149.01840747778573
221,CA_4,FOODS_3_586,123,149.01840747778573
222,CA_4,FOODS_3_586,133,149.01840747778573
223,CA_4,FOODS_3_586,145,149.01840747778573
224,CA_4,FOODS_3_586,73,149.01840747778573
225,CA_4,FOODS_3_586,45,149.01840747778573
226,CA_4,FOODS_3_586,53,149.01840747778573
227,CA_4,FOODS_3_586,66,149.01840747778573
228,CA_4,FOODS_3_586,39,149.01840747778573
229,CA_4,FOODS_3_586,71,149.01840747778573
230,CA_4,FOODS_3_586,74,149.01840747778573
231,CA_4,FOODS_3_586,77,149.01840747778573
232,CA_4,FOODS_3_586,82,149.01840747778573
233,CA_4,FOODS_3_586,134,149.01840747778573
234,CA_4,FOODS_3_586,87,149.01840747778573
235,CA_4,FOODS_3_586,80,149.01840747778573
236,CA_4,FOODS_3_586,78,149.01840747778573
237,CA_4,FOODS_3_586,77,149.01840747778573
238,CA_4,FOODS_3_586,89,149.01840747778573
239,CA_4,FOODS_3_586,71,149.01840747778573
240,CA_4,FOODS_3_586,84,149.01840747778573
241,CA_4,FOODS_3_586,62,149.01840747778573
242,CA_4,FOODS_3_586,61,149.01840747778573
243,CA_4,FOODS_3_586,78,149.01840747778573
244,CA_4,FOODS_3_586,49,149.01840747778573
245,CA_4,FOODS_3_586,83,149.01840747778573
246,CA_4,FOODS_3_586,84,149.01840747778573
247,CA_4,FOODS_3_586,66,149.01840747778573
248,CA_4,FOODS_3_586,68,149.01840747778573
249,CA_4,FOODS_3_586,52,149.01840747778573
250,CA_4,FOODS_3_586,72,149.01840747778573
251,CA_4,FOODS_3_586,71,149.01840747778573
252,CA_4,FOODS_3_586,72,149.01840747778573
253,CA_4,FOODS_3_586,57,149.01840747778573
254,CA_4,FOODS_3_586,76,149.01840747778573
255,CA_4,FOODS_3_586,84,149.01840747778573
256,CA_4,FOODS_3_586,77,149.01840747778573
257,CA_4,FOODS_3_586,45,149.01840747778573
258,CA_4,FOODS_3_586,71,149.01840747778573
259,CA_4,FOODS_3_586,62,149.01840747778573
260,CA_4,FOODS_3_586,61,149.01840747778573
261,CA_4,FOODS_3_586,58,149.01840747778573
262,CA_4,FOODS_3_586,61,149.01840747778573
263,CA_4,FOODS_3_586,71,149.01840747778573
264,CA_4,FOODS_3_586,93,149.01840747778573
265,CA_4,FOODS_3_586,77,149.01840747778573
266,CA_4,FOODS_3_586,93,149.01840747778573
267,CA_4,FOODS_3_586,108,149.01840747778573
268,CA_4,FOODS_3_586,106,149.01840747778573
269,CA_4,FOODS_3_586,110,149.01840747778573
270,CA_4,FOODS_3_586,112,149.01840747778573
271,CA_4,FOODS_3_586,135,149.01840747778573
272,CA_4,FOODS_3_586,102,149.01840747778573
273,CA_4,FOODS_3_586,117,149.01840747778573
274,CA_4,FOODS_3_586,102,149.01840747778573
275,CA_4,FOODS_3_586,120,149.01840747778573
276,CA_4,FOODS_3_586,134,149.01840747778573
277,CA_4,FOODS_3_586,125,149.01840747778573
194,TX_1,FOODS_3_586,422,420.1147497706708
195,TX_1,FOODS_3_586,472,421.6878229911679
196,TX_1,FOODS_3_586,456,424.00311188059345
197,TX_1,FOODS_3_586,372,419.0869565188433
198,TX_1,FOODS_3_586,364,421.83544267118907
199,TX_1,FOODS_3_586,298,423.7759157128364
200,TX_1,FOODS_3_586,387,424.03503368120863
201,TX_1,FOODS_3_586,347,439.2157637331745
202,TX_1,FOODS_3_586,305,425.46549641551036
203,TX_1,FOODS_3_586,376,428.4609738016783
204,TX_1,FOODS_3_586,379,416.8960341713271
205,TX_1,FOODS_3_586,306,413.90535616769534
206,TX_1,FOODS_3_586,258,403.33613805087845
207,TX_1,FOODS_3_586,273,406.5270467306765
208,TX_1,FOODS_3_586,255,394.16277233547936
209,TX_1,FOODS_3_586,304,391.171423604242
210,TX_1,FOODS_3_586,289,404.13402713253475
211,TX_1,FOODS_3_586,381,418.2931732324428
212,TX_1,FOODS_3_586,288,420.4868445886696
213,TX_1,FOODS_3_586,332,405.9288532149733
214,TX_1,FOODS_3_586,287,409.31907073726666
215,TX_1,FOODS_3_586,305,419.29029817409383
216,TX_1,FOODS_3_586,336,417.09662819610827
217,TX_1,FOODS_3_586,304,402.1397871947745
218,TX_1,FOODS_3_586,338,416.09950548350315
219,TX_1,FOODS_3_586,366,414.9029582047598
220,TX_1,FOODS_3_586,300,420.0879964249952
221,TX_1,FOODS_3_586,310,432.4523183326805
222,TX_1,FOODS_3_586,272,416.4983545815719
223,TX_1,FOODS_3_586,343,425.87130828552694
224,TX_1,FOODS_3_586,358,421.2845437070618
225,TX_1,FOODS_3_586,360,419.2902982381632
226,TX_1,FOODS_3_586,281,414.9029582065641
227,TX_1,FOODS_3_586,295,426.66900647314094
228,TX_1,FOODS_3_586,396,418.891449144389
229,TX_1,FOODS_3_586,306,421.4839682539736
230,TX_1,FOODS_3_586,277,408.9202217998346
231,TX_1,FOODS_3_586,307,419.48972278506284
232,TX_1,FOODS_3_586,354,418.8914491443896
233,TX_1,FOODS_3_586,412,425.2730346449047
234,TX_1,FOODS_3_586,422,444.8166402402323
235,TX_1,FOODS_3_586,459,451.1982257407474
236,TX_1,FOODS_3_586,443,459.37463216328234
237,TX_1,FOODS_3_586,478,455.5855657723515
238,TX_1,FOODS_3_586,448,425.0736100980136
239,TX_1,FOODS_3_586,470,451.39765028763844
240,TX_1,FOODS_3_586,405,457.57981124126246
241,TX_1,FOODS_3_586,357,434.4465638018952
242,TX_1,FOODS_3_586,375,421.48396825397384
243,TX_1,FOODS_3_586,368,430.2586483171821
244,TX_1,FOODS_3_586,308,425.4724591917958
245,TX_1,FOODS_3_586,402,423.6776382697759
246,TX_1,FOODS_3_586,456,431.8769286133328
247,TX_1,FOODS_3_586,333,432.19063802755693
248,TX_1,FOODS_3_586,410,432.6523634652526
249,TX_1,FOODS_3_586,370,431.67196140978933
250,TX_1,FOODS_3_586,361,432.22007701535733
251,TX_1,FOODS_3_586,353,432.60705497244226
252,TX_1,FOODS_3_586,441,432.65872945587626
253,TX_1,FOODS_3_586,411,435.6861396679656
254,TX_1,FOODS_3_586,361,432.943998838509
255,TX_1,FOODS_3_586,451,433.5413705589681
256,TX_1,FOODS_3_586,373,431.2350377133624
257,TX_1,FOODS_3_586,221,430.63862310759094
258,TX_1,FOODS_3_586,313,428.5308615736516
259,TX_1,FOODS_3_586,400,429.1672070912912
260,TX_1,FOODS_3_586,334,426.70146727239177
261,TX_1,FOODS_3_586,321,426.1049189070715
262,TX_1,FOODS_3_586,332,428.68998024223026
263,TX_1,FOODS_3_586,317,431.5136615375693
264,TX_1,FOODS_3_586,439,431.9511334538128
265,TX_1,FOODS_3_586,336,429.04791262046894
266,TX_1,FOODS_3_586,328,429.7240052137146
267,TX_1,FOODS_3_586,308,431.7125127272519
268,TX_1,FOODS_3_586,351,431.27504108586356
269,TX_1,FOODS_3_586,326,428.2922798462504
270,TX_1,FOODS_3_586,365,431.07619034070746
271,TX_1,FOODS_3_586,413,430.8375694418103
272,TX_1,FOODS_3_586,347,431.87159333949376
273,TX_1,FOODS_3_586,428,434.33734263354955
274,TX_1,FOODS_3_586,373,431.1557306413677
275,TX_1,FOODS_3_586,363,433.02492768681014
276,TX_1,FOODS_3_586,380,432.1102142390536
277,TX_1,FOODS_3_586,401,431.7125127400289
194,TX_1,FOODS_3_090,263,383.6656675484828
195,TX_1,FOODS_3_090,267,379.4600367022397
196,TX_1,FOODS_3_090,306,376.1442833299801
197,TX_1,FOODS_3_090,284,373.53011655510204
198,TX_1,FOODS_3_090,305,371.4690863276883
199,TX_1,FOODS_3_090,228,369.84415342779266
200,TX_1,FOODS_3_090,637,368.56304318785396
201,TX_1,FOODS_3_090,142,367.5530055136944
202,TX_1,FOODS_3_090,0,366.7566836426972
203,TX_1,FOODS_3_090,0,366.12885703934194
204,TX_1,FOODS_3_090,0,365.63387346770276
205,TX_1,FOODS_3_090,0,365.2436244166378
206,TX_1,FOODS_3_090,388,364.93594890863505
207,TX_1,FOODS_3_090,359,364.69337504979694
208,TX_1,FOODS_3_090,370,364.50212785767053
209,TX_1,FOODS_3_090,318,364.3513470246845
210,TX_1,FOODS_3_090,337,364.23247019651683
211,TX_1,FOODS_3_090,376,364.1387467437719
212,TX_1,FOODS_3_090,0,364.06485441563837
213,TX_1,FOODS_3_090,0,364.0065971065329
214,TX_1,FOODS_3_090,0,363.9606665728777
215,TX_1,FOODS_3_090,34,363.9244545686803
216,TX_1,FOODS_3_090,394,363.8959047317061
217,TX_1,FOODS_3_090,323,363.8733958093385
218,TX_1,FOODS_3_090,238,363.85564959290275
219,TX_1,FOODS_3_090,357,363.84165833234215
220,TX_1,FOODS_3_090,384,363.83062750936165
221,TX_1,FOODS_3_090,387,363.8219307193119
222,TX_1,FOODS_3_090,380,363.8150740997014
223,TX_1,FOODS_3_090,478,363.80966828534747
224,TX_1,FOODS_3_090,329,363.8054062975913
225,TX_1,FOODS_3_090,0,363.8020461119754
226,TX_1,FOODS_3_090,0,363.7993969144603
227,TX_1,FOODS_3_090,0,363.79730826571404
228,TX_1,FOODS_3_090,0,363.7956615581505
229,TX_1,FOODS_3_090,271,363.79436328058966
230,TX_1,FOODS_3_090,417,363.7933397080608
231,TX_1,FOODS_3_090,338,363.7925327152009
232,TX_1,FOODS_3_090,391,363.79189647550356
233,TX_1,FOODS_3_090,429,363.79139485898065
234,TX_1,FOODS_3_090,399,363.79099938045715
235,TX_1,FOODS_3_090,328,363.7906875819908
236,TX_1,FOODS_3_090,349,363.79044175755826
237,TX_1,FOODS_3_090,366,363.79024794758755
238,TX_1,FOODS_3_090,412,363.7900951462392
239,TX_1,FOODS_3_090,296,363.78997467642034
240,TX_1,FOODS_3_090,289,363.7898796970409
241,TX_1,FOODS_3_090,372,363.78980481452993
242,TX_1,FOODS_3_090,335,363.78974577655265
243,TX_1,FOODS_3_090,385,363.789699230534
244,TX_1,FOODS_3_090,347,363.7896625332763
245,TX_1,FOODS_3_090,331,363.78963360086163
246,TX_1,FOODS_3_090,321,363.78961079031194
247,TX_1,FOODS_3_090,320,363.7895928062901
248,TX_1,FOODS_3_090,381,363.7895786275418
249,TX_1,FOODS_3_090,366,363.78956744890195
250,TX_1,FOODS_3_090,321,363.7895586355719
251,TX_1,FOODS_3_090,377,363.78955168707125
252,TX_1,FOODS_3_090,576,363.7895462088171
253,TX_1,FOODS_3_090,246,363.78954188971727
254,TX_1,FOODS_3_090,0,363.78953848450396
255,TX_1,FOODS_3_090,0,363.78953579980623
256,TX_1,FOODS_3_090,0,363.7895336831689
257,TX_1,FOODS_3_090,0,363.7895320143948
258,TX_1,FOODS_3_090,81,363.7895306987199
259,TX_1,FOODS_3_090,540,363.7895296614312
260,TX_1,FOODS_3_090,512,363.78952884362434
261,TX_1,FOODS_3_090,317,363.78952819885876
262,TX_1,FOODS_3_090,377,363.78952769052046
263,TX_1,FOODS_3_090,383,363.7895272897424
264,TX_1,FOODS_3_090,502,363.78952697376576
265,TX_1,FOODS_3_090,323,363.7895267246472
266,TX_1,FOODS_3_090,373,363.7895265282401
267,TX_1,FOODS_3_090,432,363.78952637339114
268,TX_1,FOODS_3_090,391,363.78952625130694
269,TX_1,FOODS_3_090,329,363.7895261550548
270,TX_1,FOODS_3_090,424,363.7895260791688
271,TX_1,FOODS_3_090,383,363.78952601933975
272,TX_1,FOODS_3_090,363,363.78952597216994
273,TX_1,FOODS_3_090,367,363.78952593498093
274,TX_1,FOODS_3_090,332,363.78952590566087
275,TX_1,FOODS_3_090,348,363.7895258825447
276,TX_1,FOODS_3_090,363,363.78952586431967
277,TX_1,FOODS_3_090,274,363.7895258499509
194,TX_2,FOODS_3_586,596,733.6831670473322
195,TX_2,FOODS_3_586,594,703.2199886584808
196,TX_2,FOODS_3_586,642,648.8991304144523
197,TX_2,FOODS_3_586,578,664.623589379829
198,TX_2,FOODS_3_586,617,690.3545222322635
199,TX_2,FOODS_3_586,668,763.7353307373546
200,TX_2,FOODS_3_586,720,745.1518792328185
201,TX_2,FOODS_3_586,588,752.299360580717
202,TX_2,FOODS_3_586,635,769.4533158156734
203,TX_2,FOODS_3_586,832,794.2312511550548
204,TX_2,FOODS_3_586,789,792.3252561289485
205,TX_2,FOODS_3_586,593,704.1729861715338
206,TX_2,FOODS_3_586,528,648.8991304144522
207,TX_2,FOODS_3_586,432,664.1470906233022
208,TX_2,FOODS_3_586,519,634.1276689621286
209,TX_2,FOODS_3_586,537,605.5377435705348
210,TX_2,FOODS_3_586,604,647.9461329013991
211,TX_2,FOODS_3_586,719,721.3269414064902
212,TX_2,FOODS_3_586,660,737.5278991283934
213,TX_2,FOODS_3_586,605,692.7370160148962
214,TX_2,FOODS_3_586,577,695.5960085540556
215,TX_2,FOODS_3_586,532,685.1130359104712
216,TX_2,FOODS_3_586,610,684.6365371539447
217,TX_2,FOODS_3_586,530,661.288098084143
218,TX_2,FOODS_3_586,576,653.664117979718
219,TX_2,FOODS_3_586,643,676.5360582929932
220,TX_2,FOODS_3_586,536,679.8715495886792
221,TX_2,FOODS_3_586,569,692.2605172583699
222,TX_2,FOODS_3_586,566,694.6430110410026
223,TX_2,FOODS_3_586,474,666.5295844059352
224,TX_2,FOODS_3_586,659,684.6365371539447
225,TX_2,FOODS_3_586,531,654.6171154927711
226,TX_2,FOODS_3_586,664,656.0466117623507
227,TX_2,FOODS_3_586,608,678.9185520756258
228,TX_2,FOODS_3_586,661,697.0255048236353
229,TX_2,FOODS_3_586,709,727.5214252413355
230,TX_2,FOODS_3_586,684,677.0125570495195
231,TX_2,FOODS_3_586,699,753.7288568502966
232,TX_2,FOODS_3_586,852,768.9768170591467
233,TX_2,FOODS_3_586,810,770.8828120852529
234,TX_2,FOODS_3_586,823,818.0561889813829
235,TX_2,FOODS_3_586,715,676.536058292993
236,TX_2,FOODS_3_586,828,874.2830422515176
237,TX_2,FOODS_3_586,804,885.2425136516285
238,TX_2,FOODS_3_586,808,698.4550010932148
239,TX_2,FOODS_3_586,822,751.8228618241902
240,TX_2,FOODS_3_586,537,787.5602685636826
241,TX_2,FOODS_3_586,652,766.1178245199872
242,TX_2,FOODS_3_586,624,705.6024824411134
243,TX_2,FOODS_3_586,634,706.0789811976399
244,TX_2,FOODS_3_586,590,707.9849762237461
245,TX_2,FOODS_3_586,654,735.1454053457603
246,TX_2,FOODS_3_586,707,744.5244099683188
247,TX_2,FOODS_3_586,626,730.0087433461841
248,TX_2,FOODS_3_586,648,704.1249219394488
249,TX_2,FOODS_3_586,655,711.6176070835038
250,TX_2,FOODS_3_586,626,723.8783645919574
251,TX_2,FOODS_3_586,634,758.8442285975473
252,TX_2,FOODS_3_586,724,749.9892370636641
253,TX_2,FOODS_3_586,626,753.3950030382346
254,TX_2,FOODS_3_586,723,761.5688413772036
255,TX_2,FOODS_3_586,761,773.3754967557145
256,TX_2,FOODS_3_586,950,772.467292495829
257,TX_2,FOODS_3_586,487,730.4628454761269
258,TX_2,FOODS_3_586,495,704.1249219394488
259,TX_2,FOODS_3_586,413,711.3905560185324
260,TX_2,FOODS_3_586,546,697.0863389253365
261,TX_2,FOODS_3_586,503,683.4632750270547
262,TX_2,FOODS_3_586,532,703.670819809506
263,TX_2,FOODS_3_586,637,738.6366838150959
264,TX_2,FOODS_3_586,728,746.3564200241223
265,TX_2,FOODS_3_586,634,725.0136199168142
266,TX_2,FOODS_3_586,632,726.3759263066423
267,TX_2,FOODS_3_586,598,721.3808028772723
268,TX_2,FOODS_3_586,661,721.1537518123009
269,TX_2,FOODS_3_586,554,710.0282496287041
270,TX_2,FOODS_3_586,579,706.3954325891623
271,TX_2,FOODS_3_586,583,717.2938837077877
272,TX_2,FOODS_3_586,543,718.8832411625873
273,TX_2,FOODS_3_586,497,724.7865688518427
274,TX_2,FOODS_3_586,541,725.9218241766995
275,TX_2,FOODS_3_586,561,712.525811343389
276,TX_2,FOODS_3_586,587,721.1537518123008
277,TX_2,FOODS_3_586,559,706.8495347191049
194,TX_2,FOODS_3_090,404,450.95517323372644
195,TX_2,FOODS_3_090,381,450.2948630315157
196,TX_2,FOODS_3_090,449,450.2948630315157
197,TX_2,FOODS_3_090,410,450.2948630315157
198,TX_2,FOODS_3_090,418,450.2948630315157
199,TX_2,FOODS_3_090,451,450.2948630315157
200,TX_2,FOODS_3_090,808,450.2948630315157
201,TX_2,FOODS_3_090,224,450.2948630315157
202,TX_2,FOODS_3_090,0,450.2948630315157
203,TX_2,FOODS_3_090,0,450.2948630315157
204,TX_2,FOODS_3_090,0,450.2948630315157
205,TX_2,FOODS_3_090,0,450.2948630315157
206,TX_2,FOODS_3_090,381,450.2948630315157
207,TX_2,FOODS_3_090,524,450.2948630315157
208,TX_2,FOODS_3_090,583,450.2948630315157
209,TX_2,FOODS_3_090,492,450.2948630315157
210,TX_2,FOODS_3_090,476,450.2948630315157
211,TX_2,FOODS_3_090,470,450.2948630315157
212,TX_2,FOODS_3_090,0,450.2948630315157
213,TX_2,FOODS_3_090,0,450.2948630315157
214,TX_2,FOODS_3_090,0,450.2948630315157
215,TX_2,FOODS_3_090,92,450.2948630315157
216,TX_2,FOODS_3_090,579,450.2948630315157
217,TX_2,FOODS_3_090,400,450.2948630315157
218,TX_2,FOODS_3_090,439,450.2948630315157
219,TX_2,FOODS_3_090,487,450.2948630315157
220,TX_2,FOODS_3_090,445,450.2948630315157
221,TX_2,FOODS_3_090,411,450.2948630315157
222,TX_2,FOODS_3_090,437,450.2948630315157
223,TX_2,FOODS_3_090,459,450.2948630315157
224,TX_2,FOODS_3_090,416,450.2948630315157
225,TX_2,FOODS_3_090,0,450.2948630315157
226,TX_2,FOODS_3_090,0,450.2948630315157
227,TX_2,FOODS_3_090,0,450.2948630315157
228,TX_2,FOODS_3_090,0,450.2948630315157
229,TX_2,FOODS_3_090,306,450.2948630315157
230,TX_2,FOODS_3_090,444,450.2948630315157
231,TX_2,FOODS_3_090,357,450.2948630315157
232,TX_2,FOODS_3_090,467,450.2948630315157
233,TX_2,FOODS_3_090,386,450.2948630315157
234,TX_2,FOODS_3_090,468,450.2948630315157
235,TX_2,FOODS_3_090,439,450.2948630315157
236,TX_2,FOODS_3_090,385,450.2948630315157
237,TX_2,FOODS_3_090,508,450.2948630315157
238,TX_2,FOODS_3_090,363,450.2948630315157
239,TX_2,FOODS_3_090,385,450.2948630315157
240,TX_2,FOODS_3_090,448,450.2948630315157
241,TX_2,FOODS_3_090,419,450.2948630315157
242,TX_2,FOODS_3_090,314,450.2948630315157
243,TX_2,FOODS_3_090,431,450.2948630315157
244,TX_2,FOODS_3_090,394,450.2948630315157
245,TX_2,FOODS_3_090,402,450.2948630315157
246,TX_2,FOODS_3_090,337,450.2948630315157
247,TX_2,FOODS_3_090,343,450.2948630315157
248,TX_2,FOODS_3_090,443,450.2948630315157
249,TX_2,FOODS_3_090,408,450.2948630315157
250,TX_2,FOODS_3_090,455,450.2948630315157
251,TX_2,FOODS_3_090,472,450.2948630315157
252,TX_2,FOODS_3_090,761,450.2948630315157
253,TX_2,FOODS_3_090,297,450.2948630315157
254,TX_2,FOODS_3_090,0,450.2948630315157
255,TX_2,FOODS_3_090,0,450.2948630315157
256,TX_2,FOODS_3_090,0,450.2948630315157
257,TX_2,FOODS_3_090,0,450.2948630315157
258,TX_2,FOODS_3_090,40,450.2948630315157
259,TX_2,FOODS_3_090,469,450.2948630315157
260,TX_2,FOODS_3_090,492,450.2948630315157
261,TX_2,FOODS_3_090,416,450.2948630315157
262,TX_2,FOODS_3_090,464,450.2948630315157
263,TX_2,FOODS_3_090,486,450.2948630315157
264,TX_2,FOODS_3_090,385,450.2948630315157
265,TX_2,FOODS_3_090,428,450.2948630315157
266,TX_2,FOODS_3_090,458,450.2948630315157
267,TX_2,FOODS_3_090,394,450.2948630315157
268,TX_2,FOODS_3_090,455,450.2948630315157
269,TX_2,FOODS_3_090,416,450.2948630315157
270,TX_2,FOODS_3_090,513,450.2948630315157
271,TX_2,FOODS_3_090,447,450.2948630315157
272,TX_2,FOODS_3_090,432,450.2948630315157
273,TX_2,FOODS_3_090,463,450.2948630315157
274,TX_2,FOODS_3_090,425,450.2948630315157
275,TX_2,FOODS_3_090,497,450.2948630315157
276,TX_2,FOODS_3_090,457,450.2948630315157
277,TX_2,FOODS_3_090,396,450.2948630315157
194,TX_3,FOODS_3_586,453,494.0050856431471
195,TX_3,FOODS_3_586,426,478.40643306508963
196,TX_3,FOODS_3_586,449,468.3405605082485
197,TX_3,FOODS_3_586,446,471.1827204688504
198,TX_3,FOODS_3_586,177,474.3434633005431
199,TX_3,FOODS_3_586,521,490.0034775946527
200,TX_3,FOODS_3_586,553,489.35884535036337
201,TX_3,FOODS_3_586,555,515.9222715179264
202,TX_3,FOODS_3_586,597,463.8063385192187
203,TX_3,FOODS_3_586,637,445.8810914654201
204,TX_3,FOODS_3_586,663,464.1392584641196
205,TX_3,FOODS_3_586,397,438.5782402591915
206,TX_3,FOODS_3_586,420,432.93490762693614
207,TX_3,FOODS_3_586,358,440.57004978398453
208,TX_3,FOODS_3_586,417,464.13937710304583
209,TX_3,FOODS_3_586,421,451.19284782541996
210,TX_3,FOODS_3_586,477,467.79096389051205
211,TX_3,FOODS_3_586,570,470.44666251863805
212,TX_3,FOODS_3_586,498,483.72515514216093
213,TX_3,FOODS_3_586,434,469.1188133093372
214,TX_3,FOODS_3_586,512,459.8238685028946
215,TX_3,FOODS_3_586,430,470.4466625734905
216,TX_3,FOODS_3_586,493,469.4507756299609
217,TX_3,FOODS_3_586,452,462.81152933685246
218,TX_3,FOODS_3_586,449,456.17228304364176
219,TX_3,FOODS_3_586,533,459.82386850495294
220,TX_3,FOODS_3_586,437,469.45077563018845
221,TX_3,FOODS_3_586,465,484.05711747536657
222,TX_3,FOODS_3_586,614,483.7251551607041
223,TX_3,FOODS_3_586,694,485.7169290486829
224,TX_3,FOODS_3_586,669,493.3520622859342
225,TX_3,FOODS_3_586,578,486.0488913633461
226,TX_3,FOODS_3_586,426,484.05711747536753
227,TX_3,FOODS_3_586,613,482.7292682167151
228,TX_3,FOODS_3_586,612,473.76628572081154
229,TX_3,FOODS_3_586,525,507.2944795017843
230,TX_3,FOODS_3_586,548,469.7827379448544
231,TX_3,FOODS_3_586,492,497.66757237655446
232,TX_3,FOODS_3_586,600,555.4290151279332
233,TX_3,FOODS_3_586,611,492.688137656608
234,TX_3,FOODS_3_586,583,495.34383617391273
235,TX_3,FOODS_3_586,522,520.572972088308
236,TX_3,FOODS_3_586,658,566.3837715118153
237,TX_3,FOODS_3_586,702,557.7527513305748
238,TX_3,FOODS_3_586,617,576.0106786370451
239,TX_3,FOODS_3_586,638,584.3097365036225
240,TX_3,FOODS_3_586,450,522.5647459762865
241,TX_3,FOODS_3_586,425,517.9172735710032
242,TX_3,FOODS_3_586,457,496.00776080323885
243,TX_3,FOODS_3_586,463,490.0324391393031
244,TX_3,FOODS_3_586,427,498.6634593205436
245,TX_3,FOODS_3_586,531,504.97074329914244
246,TX_3,FOODS_3_586,544,503.6445822823607
247,TX_3,FOODS_3_586,479,498.4664174669233
248,TX_3,FOODS_3_586,474,495.12492711385056
249,TX_3,FOODS_3_586,438,496.06841711301473
250,TX_3,FOODS_3_586,404,497.1176646194782
251,TX_3,FOODS_3_586,463,502.316199212208
252,TX_3,FOODS_3_586,580,502.1022056002873
253,TX_3,FOODS_3_586,475,510.9202620362538
254,TX_3,FOODS_3_586,544,493.61973628717595
255,TX_3,FOODS_3_586,655,487.66922978428914
256,TX_3,FOODS_3_586,694,493.7302531626828
257,TX_3,FOODS_3_586,400,485.2449583942293
258,TX_3,FOODS_3_586,473,483.371584631212
259,TX_3,FOODS_3_586,425,485.90616409444755
260,TX_3,FOODS_3_586,416,493.7302925463353
261,TX_3,FOODS_3_586,402,489.43253272048105
262,TX_3,FOODS_3_586,474,494.94248174849577
263,TX_3,FOODS_3_586,536,495.8240736121361
264,TX_3,FOODS_3_586,459,500.2320327586776
265,TX_3,FOODS_3_586,563,495.383277715093
266,TX_3,FOODS_3_586,494,492.29770632248056
267,TX_3,FOODS_3_586,420,495.824073630345
268,TX_3,FOODS_3_586,454,495.49347669542817
269,TX_3,FOODS_3_586,387,493.2894971283495
270,TX_3,FOODS_3_586,460,491.08551756123694
271,TX_3,FOODS_3_586,422,492.2977063231639
272,TX_3,FOODS_3_586,440,495.4934766955037
273,TX_3,FOODS_3_586,411,500.3422317431895
274,TX_3,FOODS_3_586,362,500.2320327648332
275,TX_3,FOODS_3_586,453,500.89322663497217
276,TX_3,FOODS_3_586,420,503.4278031371712
277,TX_3,FOODS_3_586,404,501.00342561332866
194,TX_3,FOODS_3_090,346,443.21733947121373
195,TX_3,FOODS_3_090,334,422.9752467702471
196,TX_3,FOODS_3_090,428,424.42278318484415
197,TX_3,FOODS_3_090,439,424.42278318484415
198,TX_3,FOODS_3_090,442,408.93414354865587
199,TX_3,FOODS_3_090,405,348.57187505995955
200,TX_3,FOODS_3_090,721,348.57187505995955
201,TX_3,FOODS_3_090,239,448.7413949500743
202,TX_3,FOODS_3_090,0,421.8172176385695
203,TX_3,FOODS_3_090,0,348.57187505995955
204,TX_3,FOODS_3_090,0,366.6660802424225
205,TX_3,FOODS_3_090,0,472.336238508006
206,TX_3,FOODS_3_090,472,423.988522260465
207,TX_3,FOODS_3_090,425,418.9221448093754
208,TX_3,FOODS_3_090,447,414.29002828266493
209,TX_3,FOODS_3_090,376,414.29002828266493
210,TX_3,FOODS_3_090,449,426.5940878067397
211,TX_3,FOODS_3_090,373,348.57187505995955
212,TX_3,FOODS_3_090,0,348.57187505995955
213,TX_3,FOODS_3_090,0,348.57187505995955
214,TX_3,FOODS_3_090,0,348.57187505995955
215,TX_3,FOODS_3_090,99,392.5769820637094
216,TX_3,FOODS_3_090,364,420.80394214835155
217,TX_3,FOODS_3_090,464,403.43350517318714
218,TX_3,FOODS_3_090,427,408.35512898281706
219,TX_3,FOODS_3_090,527,406.1838243609215
220,TX_3,FOODS_3_090,374,423.2647540531665
221,TX_3,FOODS_3_090,443,422.54098584586797
222,TX_3,FOODS_3_090,400,411.10544817055137
223,TX_3,FOODS_3_090,582,415.8823183387216
224,TX_3,FOODS_3_090,511,408.9341435486558
225,TX_3,FOODS_3_090,0,348.57187505995944
226,TX_3,FOODS_3_090,0,348.57187505995944
227,TX_3,FOODS_3_090,0,348.57187505995944
228,TX_3,FOODS_3_090,0,373.3247477495687
229,TX_3,FOODS_3_090,509,426.01507324090073
230,TX_3,FOODS_3_090,658,412.98724550952744
231,TX_3,FOODS_3_090,565,410.5264336047125
232,TX_3,FOODS_3_090,548,426.1598268823605
233,TX_3,FOODS_3_090,578,423.6990149775456
234,TX_3,FOODS_3_090,588,417.04034747039924
235,TX_3,FOODS_3_090,461,417.32985475331867
236,TX_3,FOODS_3_090,517,424.56753682630386
237,TX_3,FOODS_3_090,545,399.090895929396
238,TX_3,FOODS_3_090,442,426.5940878067397
239,TX_3,FOODS_3_090,449,421.093449431271
240,TX_3,FOODS_3_090,476,399.5251568537752
241,TX_3,FOODS_3_090,478,415.01379648996345
242,TX_3,FOODS_3_090,518,403.8677660975663
243,TX_3,FOODS_3_090,473,417.185101111859
244,TX_3,FOODS_3_090,475,411.5397090949306
245,TX_3,FOODS_3_090,526,416.0270719801814
246,TX_3,FOODS_3_090,453,412.72919890649933
247,TX_3,FOODS_3_090,496,409.7990822772695
248,TX_3,FOODS_3_090,529,410.00861844442795
249,TX_3,FOODS_3_090,424,410.00861844442795
250,TX_3,FOODS_3_090,478,407.7665814558326
251,TX_3,FOODS_3_090,495,399.02892328532545
252,TX_3,FOODS_3_090,698,399.02892328532545
253,TX_3,FOODS_3_090,303,413.52882605268974
254,TX_3,FOODS_3_090,0,409.63145334354266
255,TX_3,FOODS_3_090,0,399.0289232853254
256,TX_3,FOODS_3_090,0,401.64812537480594
257,TX_3,FOODS_3_090,0,416.94426557737233
258,TX_3,FOODS_3_090,80,409.9457575942803
259,TX_3,FOODS_3_090,427,409.21238100922574
260,TX_3,FOODS_3_090,403,408.5418652743187
261,TX_3,FOODS_3_090,505,408.5418652743187
262,TX_3,FOODS_3_090,361,410.32292269516546
263,TX_3,FOODS_3_090,530,399.02892328532533
264,TX_3,FOODS_3_090,433,399.02892328532533
265,TX_3,FOODS_3_090,450,399.02892328532533
266,TX_3,FOODS_3_090,486,399.02892328532533
267,TX_3,FOODS_3_090,421,405.39882276694203
268,TX_3,FOODS_3_090,502,409.48477802653167
269,TX_3,FOODS_3_090,391,406.97034402063036
270,TX_3,FOODS_3_090,444,407.6827669889691
271,TX_3,FOODS_3_090,399,407.3684627382314
272,TX_3,FOODS_3_090,451,409.84098951070104
273,TX_3,FOODS_3_090,465,409.7362214271218
274,TX_3,FOODS_3_090,499,408.0808857065701
275,TX_3,FOODS_3_090,396,408.77235505819294
276,TX_3,FOODS_3_090,559,407.7665814558324
277,TX_3,FOODS_3_090,420,399.0289232853253
194,WI_1,FOODS_3_226,306,352.0519098215168
195,WI_1,FOODS_3_226,325,327.14874398882284
196,WI_1,FOODS_3_226,312,423.35205822393164
197,WI_1,FOODS_3_226,320,420.09737805899067
198,WI_1,FOODS_3_226,329,416.6839564572095
199,WI_1,FOODS_3_226,342,429.6426229668109
200,WI_1,FOODS_3_226,406,425.3405350752136
201,WI_1,FOODS_3_226,349,426.51044130407365
202,WI_1,FOODS_3_226,394,410.8751628948141
203,WI_1,FOODS_3_226,418,448.01561964858587
204,WI_1,FOODS_3_226,436,463.9773702260627
205,WI_1,FOODS_3_226,328,400.31186834582684
206,WI_1,FOODS_3_226,298,385.905498092895
207,WI_1,FOODS_3_226,326,384.80807773330787
208,WI_1,FOODS_3_226,265,365.67446013388377
209,WI_1,FOODS_3_226,303,377.5822764922553
210,WI_1,FOODS_3_226,331,387.803224729341
211,WI_1,FOODS_3_226,349,440.3408477371123
212,WI_1,FOODS_3_226,366,414.6468049521806
213,WI_1,FOODS_3_226,331,388.26462711887274
214,WI_1,FOODS_3_226,332,419.5883532384072
215,WI_1,FOODS_3_226,306,405.5957629439547
216,WI_1,FOODS_3_226,337,401.51352286205497
217,WI_1,FOODS_3_226,234,388.3484924845613
218,WI_1,FOODS_3_226,236,402.090538904643
219,WI_1,FOODS_3_226,293,398.4697012122747
220,WI_1,FOODS_3_226,266,385.78194736799645
221,WI_1,FOODS_3_226,234,383.7720495030672
222,WI_1,FOODS_3_226,244,410.1428478399595
223,WI_1,FOODS_3_226,222,388.39611491561334
224,WI_1,FOODS_3_226,218,420.3161736459934
225,WI_1,FOODS_3_226,231,400.2959942021429
226,WI_1,FOODS_3_226,257,397.4154086364712
227,WI_1,FOODS_3_226,261,405.64682779958036
228,WI_1,FOODS_3_226,249,427.35387536471643
229,WI_1,FOODS_3_226,249,398.28265391264
230,WI_1,FOODS_3_226,242,388.58316221524797
231,WI_1,FOODS_3_226,231,411.40006185908163
232,WI_1,FOODS_3_226,255,412.85226024968046
233,WI_1,FOODS_3_226,251,436.58507982342985
234,WI_1,FOODS_3_226,311,405.70688194974286
235,WI_1,FOODS_3_226,284,389.11599825135755
236,WI_1,FOODS_3_226,341,412.6448441590934
237,WI_1,FOODS_3_226,309,409.33909913852676
238,WI_1,FOODS_3_226,297,428.6790806058431
239,WI_1,FOODS_3_226,273,395.9314619585043
240,WI_1,FOODS_3_226,308,449.02467999521605
241,WI_1,FOODS_3_226,294,392.903514452408
242,WI_1,FOODS_3_226,290,402.691366162757
243,WI_1,FOODS_3_226,281,411.805904745719
244,WI_1,FOODS_3_226,275,407.8869007479279
245,WI_1,FOODS_3_226,260,392.42623791919254
246,WI_1,FOODS_3_226,286,412.4097405598783
247,WI_1,FOODS_3_226,251,389.77993773346185
248,WI_1,FOODS_3_226,289,431.5817835675426
249,WI_1,FOODS_3_226,276,436.6884259593515
250,WI_1,FOODS_3_226,249,425.21039802831854
251,WI_1,FOODS_3_226,308,420.0810239958875
252,WI_1,FOODS_3_226,353,466.75858735610336
253,WI_1,FOODS_3_226,299,459.5572327937692
254,WI_1,FOODS_3_226,380,422.3304446089593
255,WI_1,FOODS_3_226,343,441.33388505139294
256,WI_1,FOODS_3_226,455,469.526353586288
257,WI_1,FOODS_3_226,243,418.8617441297166
258,WI_1,FOODS_3_226,231,402.1692996595086
259,WI_1,FOODS_3_226,230,373.800862055381
260,WI_1,FOODS_3_226,219,380.9384347376572
261,WI_1,FOODS_3_226,222,395.44891800969174
262,WI_1,FOODS_3_226,247,406.2934711065645
263,WI_1,FOODS_3_226,293,437.64669424954576
264,WI_1,FOODS_3_226,270,428.09108695464585
265,WI_1,FOODS_3_226,272,411.3561212310658
266,WI_1,FOODS_3_226,273,426.65037473799816
267,WI_1,FOODS_3_226,285,410.04517929543834
268,WI_1,FOODS_3_226,283,414.97732363195087
269,WI_1,FOODS_3_226,270,398.5466262446875
270,WI_1,FOODS_3_226,267,410.5474128346417
271,WI_1,FOODS_3_226,240,420.542207295655
272,WI_1,FOODS_3_226,269,410.83262706517655
273,WI_1,FOODS_3_226,279,438.1320802038715
274,WI_1,FOODS_3_226,207,432.1067487473681
275,WI_1,FOODS_3_226,232,403.52202734154014
276,WI_1,FOODS_3_226,258,437.9759007473889
277,WI_1,FOODS_3_226,226,417.20327709743265
194,WI_1,FOODS_3_694,139,145.18058348163893
195,WI_1,FOODS_3_694,145,128.78783406570005
196,WI_1,FOODS_3_694,122,169.4553230728876
197,WI_1,FOODS_3_694,140,171.24776639996645
198,WI_1,FOODS_3_694,110,177.7435363325555
199,WI_1,FOODS_3_694,140,177.4053390385643
200,WI_1,FOODS_3_694,182,167.28275053401242
201,WI_1,FOODS_3_694,174,171.09828548378528
202,WI_1,FOODS_3_694,178,168.36047760902156
203,WI_1,FOODS_3_694,195,177.9957022910479
204,WI_1,FOODS_3_694,247,203.36488354348413
205,WI_1,FOODS_3_694,178,161.47927170517787
206,WI_1,FOODS_3_694,120,141.9209169226698
207,WI_1,FOODS_3_694,138,147.43309367679745
208,WI_1,FOODS_3_694,127,137.0378528145809
209,WI_1,FOODS_3_694,136,135.95960750062193
210,WI_1,FOODS_3_694,134,149.40806198313874
211,WI_1,FOODS_3_694,170,165.0035894360967
212,WI_1,FOODS_3_694,164,170.20321844017897
213,WI_1,FOODS_3_694,137,161.64181058603117
214,WI_1,FOODS_3_694,167,170.05129585546953
215,WI_1,FOODS_3_694,192,165.4741389327535
216,WI_1,FOODS_3_694,148,167.1446125942291
217,WI_1,FOODS_3_694,101,165.7833592905964
218,WI_1,FOODS_3_694,125,173.72363835294698
219,WI_1,FOODS_3_694,114,167.75498976615128
220,WI_1,FOODS_3_694,117,155.5286311485063
221,WI_1,FOODS_3_694,106,158.42859472126125
222,WI_1,FOODS_3_694,114,156.2902586954683
223,WI_1,FOODS_3_694,125,160.87749505218284
224,WI_1,FOODS_3_694,136,166.07376466093245
225,WI_1,FOODS_3_694,125,155.98842992687528
226,WI_1,FOODS_3_694,127,147.72414726958044
227,WI_1,FOODS_3_694,130,164.393211520765
228,WI_1,FOODS_3_694,109,168.97440019821568
229,WI_1,FOODS_3_694,115,170.3477488549019
230,WI_1,FOODS_3_694,119,165.45397997905053
231,WI_1,FOODS_3_694,104,172.78925757789983
232,WI_1,FOODS_3_694,121,173.102509740666
233,WI_1,FOODS_3_694,127,168.519977134483
234,WI_1,FOODS_3_694,141,164.23792936811304
235,WI_1,FOODS_3_694,122,161.33326204462537
236,WI_1,FOODS_3_694,161,175.08085986317428
237,WI_1,FOODS_3_694,135,162.2407642433582
238,WI_1,FOODS_3_694,155,174.94036092657404
239,WI_1,FOODS_3_694,125,165.61127802479953
240,WI_1,FOODS_3_694,139,173.0984779544703
241,WI_1,FOODS_3_694,132,161.03412113354418
242,WI_1,FOODS_3_694,124,159.81605462950898
243,WI_1,FOODS_3_694,125,155.37603685302412
244,WI_1,FOODS_3_694,115,169.13505806579423
245,WI_1,FOODS_3_694,111,163.47562985654224
246,WI_1,FOODS_3_694,124,169.46780266527216
247,WI_1,FOODS_3_694,130,157.17882487026108
248,WI_1,FOODS_3_694,143,167.97236001346386
249,WI_1,FOODS_3_694,146,168.55173719436348
250,WI_1,FOODS_3_694,121,168.01365185522275
251,WI_1,FOODS_3_694,142,166.12688154906763
252,WI_1,FOODS_3_694,180,178.04009669933475
253,WI_1,FOODS_3_694,175,180.15162833946167
254,WI_1,FOODS_3_694,142,163.82910562993695
255,WI_1,FOODS_3_694,145,163.77008317555925
256,WI_1,FOODS_3_694,195,182.93430324529086
257,WI_1,FOODS_3_694,106,160.63804898181576
258,WI_1,FOODS_3_694,102,142.36052788171898
259,WI_1,FOODS_3_694,106,137.0844435136492
260,WI_1,FOODS_3_694,109,131.8278624040878
261,WI_1,FOODS_3_694,114,138.69812107940137
262,WI_1,FOODS_3_694,121,149.3143740452603
263,WI_1,FOODS_3_694,131,154.75276811242688
264,WI_1,FOODS_3_694,140,155.54620183554064
265,WI_1,FOODS_3_694,139,151.79289540029964
266,WI_1,FOODS_3_694,141,154.60543765158175
267,WI_1,FOODS_3_694,162,144.11945186529528
268,WI_1,FOODS_3_694,144,155.07947603222192
269,WI_1,FOODS_3_694,117,141.10803158045084
270,WI_1,FOODS_3_694,140,153.33065283822674
271,WI_1,FOODS_3_694,145,156.3960583255327
272,WI_1,FOODS_3_694,140,147.1897324357881
273,WI_1,FOODS_3_694,154,152.8318797638337
274,WI_1,FOODS_3_694,130,150.05869744717842
275,WI_1,FOODS_3_694,141,151.3704046553706
276,WI_1,FOODS_3_694,156,155.2219313013284
277,WI_1,FOODS_3_694,135,146.34231344207922
194,WI_2,FOODS_3_226,248,273.8861058650987
195,WI_2,FOODS_3_226,184,258.93309420687297
196,WI_2,FOODS_3_226,219,264.41088795992647
197,WI_2,FOODS_3_226,267,264.2804642991395
198,WI_2,FOODS_3_226,299,258.54182322451203
199,WI_2,FOODS_3_226,261,262.5849567089087
200,WI_2,FOODS_3_226,256,256.19419733034624
201,WI_2,FOODS_3_226,292,262.9762276912696
202,WI_2,FOODS_3_226,264,264.15004063835255
203,WI_2,FOODS_3_226,301,266.7585138540923
204,WI_2,FOODS_3_226,303,264.2804642991395
205,WI_2,FOODS_3_226,249,258.672246885299
206,WI_2,FOODS_3_226,272,251.10767455965365
207,WI_2,FOODS_3_226,225,249.5425906302098
208,WI_2,FOODS_3_226,203,250.32513259493172
209,WI_2,FOODS_3_226,175,251.6293692028016
210,WI_2,FOODS_3_226,262,268.45402144432313
211,WI_2,FOODS_3_226,276,261.9328384049737
212,WI_2,FOODS_3_226,241,261.9328384049737
213,WI_2,FOODS_3_226,190,267.28020849724027
214,WI_2,FOODS_3_226,238,271.71461296399787
215,WI_2,FOODS_3_226,230,262.32410938733466
216,WI_2,FOODS_3_226,208,266.2368192109443
217,WI_2,FOODS_3_226,173,257.49843393821607
218,WI_2,FOODS_3_226,202,259.4547888500209
219,WI_2,FOODS_3_226,257,273.14927323265476
220,WI_2,FOODS_3_226,258,268.3235977835362
221,WI_2,FOODS_3_226,173,257.23758661664215
222,WI_2,FOODS_3_226,150,258.802670546086
223,WI_2,FOODS_3_226,241,267.93232680117524
224,WI_2,FOODS_3_226,247,263.49792233441764
225,WI_2,FOODS_3_226,214,257.62885759900314
226,WI_2,FOODS_3_226,218,256.7158919734942
227,WI_2,FOODS_3_226,241,262.71538036969565
228,WI_2,FOODS_3_226,260,258.802670546086
229,WI_2,FOODS_3_226,219,258.28097590293805
230,WI_2,FOODS_3_226,195,260.75902545789086
231,WI_2,FOODS_3_226,226,265.45427724622243
232,WI_2,FOODS_3_226,289,264.01961697756553
233,WI_2,FOODS_3_226,341,269.758258052193
234,WI_2,FOODS_3_226,326,268.06275046196214
235,WI_2,FOODS_3_226,270,262.19368572654764
236,WI_2,FOODS_3_226,347,263.8891933167785
237,WI_2,FOODS_3_226,280,264.01961697756553
238,WI_2,FOODS_3_226,325,266.7585138540923
239,WI_2,FOODS_3_226,284,259.06351786766
240,WI_2,FOODS_3_226,310,260.62860179710384
241,WI_2,FOODS_3_226,304,271.1929183208499
242,WI_2,FOODS_3_226,288,261.8024147441867
243,WI_2,FOODS_3_226,229,252.54233482831052
244,WI_2,FOODS_3_226,231,259.8460598323819
245,WI_2,FOODS_3_226,328,265.5847009070094
246,WI_2,FOODS_3_226,299,262.1788312365317
247,WI_2,FOODS_3_226,232,260.2286047162754
248,WI_2,FOODS_3_226,196,260.94303863058474
249,WI_2,FOODS_3_226,257,260.92602829929166
250,WI_2,FOODS_3_226,238,260.1775737223962
251,WI_2,FOODS_3_226,277,260.70489399248163
252,WI_2,FOODS_3_226,257,259.87138775912075
253,WI_2,FOODS_3_226,256,260.75592498636087
254,WI_2,FOODS_3_226,302,260.9090179679986
255,WI_2,FOODS_3_226,263,261.24922459386016
256,WI_2,FOODS_3_226,286,260.92602829929166
257,WI_2,FOODS_3_226,104,260.19458405368925
258,WI_2,FOODS_3_226,235,259.20798483869066
259,WI_2,FOODS_3_226,266,259.0038608631737
260,WI_2,FOODS_3_226,236,259.1059228509322
261,WI_2,FOODS_3_226,222,259.276026163863
262,WI_2,FOODS_3_226,322,261.47035890067025
263,WI_2,FOODS_3_226,342,260.6198423360163
264,WI_2,FOODS_3_226,317,260.6198423360163
265,WI_2,FOODS_3_226,330,261.31726591903254
266,WI_2,FOODS_3_226,326,261.8956171829972
267,WI_2,FOODS_3_226,294,260.6708733298955
268,WI_2,FOODS_3_226,376,261.1811832686879
269,WI_2,FOODS_3_226,245,260.0414910720516
270,WI_2,FOODS_3_226,282,260.2966460414478
271,WI_2,FOODS_3_226,308,262.08273082722116
272,WI_2,FOODS_3_226,337,261.4533485693772
273,WI_2,FOODS_3_226,344,260.00747040946544
274,WI_2,FOODS_3_226,285,260.2115943849824
275,WI_2,FOODS_3_226,250,261.40231757549793
276,WI_2,FOODS_3_226,320,260.82396631153324
277,WI_2,FOODS_3_226,308,260.0585014033447
194,WI_2,FOODS_3_694,246,223.01266302293735
195,WI_2,FOODS_3_694,152,201.89747447687938
196,WI_2,FOODS_3_694,165,214.53853550313013
197,WI_2,FOODS_3_694,303,221.38386381737453
198,WI_2,FOODS_3_694,229,216.89875021763152
199,WI_2,FOODS_3_694,254,216.09280778940922
200,WI_2,FOODS_3_694,251,216.73300376424612
201,WI_2,FOODS_3_694,225,226.99833200339245
202,WI_2,FOODS_3_694,196,230.87607534681422
203,WI_2,FOODS_3_694,229,227.18204312006455
204,WI_2,FOODS_3_694,203,220.150170015235
205,WI_2,FOODS_3_694,191,206.60111297826126
206,WI_2,FOODS_3_694,217,201.37639394844766
207,WI_2,FOODS_3_694,187,190.9815918119052
208,WI_2,FOODS_3_694,147,201.02927761216446
209,WI_2,FOODS_3_694,136,201.10725456317974
210,WI_2,FOODS_3_694,185,233.54763026637883
211,WI_2,FOODS_3_694,214,228.6795666656845
212,WI_2,FOODS_3_694,224,225.63137096004488
213,WI_2,FOODS_3_694,210,227.565561250841
214,WI_2,FOODS_3_694,216,251.43534178837427
215,WI_2,FOODS_3_694,220,222.57017210105872
216,WI_2,FOODS_3_694,198,201.67688285481444
217,WI_2,FOODS_3_694,179,188.76601480908698
218,WI_2,FOODS_3_694,179,217.1883740510287
219,WI_2,FOODS_3_694,184,217.3910891351608
220,WI_2,FOODS_3_694,216,212.61978135972515
221,WI_2,FOODS_3_694,161,198.00198335123517
222,WI_2,FOODS_3_694,141,203.3222499146089
223,WI_2,FOODS_3_694,231,220.25982114876874
224,WI_2,FOODS_3_694,198,214.97679467340535
225,WI_2,FOODS_3_694,196,209.5864175643346
226,WI_2,FOODS_3_694,163,195.2346635916407
227,WI_2,FOODS_3_694,201,234.05413452660977
228,WI_2,FOODS_3_694,245,220.5185325593417
229,WI_2,FOODS_3_694,192,208.34774645796062
230,WI_2,FOODS_3_694,168,199.12097039735414
231,WI_2,FOODS_3_694,185,217.087245800923
232,WI_2,FOODS_3_694,239,226.97961033589613
233,WI_2,FOODS_3_694,236,230.14349779382866
234,WI_2,FOODS_3_694,241,210.75245534436277
235,WI_2,FOODS_3_694,172,213.60222006264868
236,WI_2,FOODS_3_694,254,240.12239919037404
237,WI_2,FOODS_3_694,237,229.94427133608465
238,WI_2,FOODS_3_694,232,212.99736554090876
239,WI_2,FOODS_3_694,183,215.07723785543752
240,WI_2,FOODS_3_694,229,241.93000406631387
241,WI_2,FOODS_3_694,227,240.92695372015507
242,WI_2,FOODS_3_694,236,212.91606021204993
243,WI_2,FOODS_3_694,199,200.50202119128303
244,WI_2,FOODS_3_694,164,231.00379784762748
245,WI_2,FOODS_3_694,231,216.9866969472406
246,WI_2,FOODS_3_694,242,216.80856393057348
247,WI_2,FOODS_3_694,216,200.17616902261202
248,WI_2,FOODS_3_694,169,210.1335093790871
249,WI_2,FOODS_3_694,242,215.52556181323024
250,WI_2,FOODS_3_694,212,211.99264613808597
251,WI_2,FOODS_3_694,201,211.35780678015007
252,WI_2,FOODS_3_694,215,211.86208796375155
253,WI_2,FOODS_3_694,164,219.94806800418107
254,WI_2,FOODS_3_694,239,223.0025592533985
255,WI_2,FOODS_3_694,218,220.09277691051207
256,WI_2,FOODS_3_694,217,214.55378349034518
257,WI_2,FOODS_3_694,138,203.8812163580231
258,WI_2,FOODS_3_694,164,199.765714855517
259,WI_2,FOODS_3_694,203,191.57774846592142
260,WI_2,FOODS_3_694,168,199.49229196035915
261,WI_2,FOODS_3_694,157,199.55371426024416
262,WI_2,FOODS_3_694,217,225.10693811525812
263,WI_2,FOODS_3_694,248,221.2723734336684
264,WI_2,FOODS_3_694,294,218.87131532223538
265,WI_2,FOODS_3_694,267,220.39487343176845
266,WI_2,FOODS_3_694,269,239.19705534933155
267,WI_2,FOODS_3_694,294,216.46001465099587
268,WI_2,FOODS_3_694,279,200.0024094104935
269,WI_2,FOODS_3_694,250,189.83254256451593
270,WI_2,FOODS_3_694,263,212.2207822952087
271,WI_2,FOODS_3_694,275,212.3804605915086
272,WI_2,FOODS_3_694,268,208.62211029426305
273,WI_2,FOODS_3_694,270,197.1076978782106
274,WI_2,FOODS_3_694,214,201.29846199592788
275,WI_2,FOODS_3_694,229,214.64015548513277
276,WI_2,FOODS_3_694,225,210.47872531576476
277,WI_2,FOODS_3_694,218,206.23273525106137
194,WI_3,FOODS_3_090,362,461.2511994262884
195,WI_3,FOODS_3_090,380,356.96054602918673
196,WI_3,FOODS_3_090,382,400.8260343919912
197,WI_3,FOODS_3_090,445,446.50370891886814
198,WI_3,FOODS_3_090,358,425.3715189986416
199,WI_3,FOODS_3_090,345,423.20312747570006
200,WI_3,FOODS_3_090,503,313.3237205982479
201,WI_3,FOODS_3_090,175,562.9598404243472
202,WI_3,FOODS_3_090,0,447.41852642096666
203,WI_3,FOODS_3_090,0,378.8624110720556
204,WI_3,FOODS_3_090,0,385.8979140378613
205,WI_3,FOODS_3_090,0,584.4475094664191
206,WI_3,FOODS_3_090,263,509.8447249864225
207,WI_3,FOODS_3_090,581,468.40658776110865
208,WI_3,FOODS_3_090,508,478.1715460041964
209,WI_3,FOODS_3_090,472,440.9834787619133
210,WI_3,FOODS_3_090,558,486.3804020742821
211,WI_3,FOODS_3_090,475,379.2513647247192
212,WI_3,FOODS_3_090,0,341.32838359002335
213,WI_3,FOODS_3_090,0,344.0510591586682
214,WI_3,FOODS_3_090,0,357.4699601755606
215,WI_3,FOODS_3_090,81,427.7785310102207
216,WI_3,FOODS_3_090,433,417.9508153530029
217,WI_3,FOODS_3_090,452,413.89709868271916
218,WI_3,FOODS_3_090,468,449.15554600302625
219,WI_3,FOODS_3_090,346,386.1842947116154
220,WI_3,FOODS_3_090,502,378.34895639050364
221,WI_3,FOODS_3_090,462,368.4436225401618
222,WI_3,FOODS_3_090,528,322.44191582351453
223,WI_3,FOODS_3_090,558,411.14383886904295
224,WI_3,FOODS_3_090,496,365.76884360665315
225,WI_3,FOODS_3_090,0,296.5987135337154
226,WI_3,FOODS_3_090,0,300.8772037130144
227,WI_3,FOODS_3_090,0,295.237375749393
228,WI_3,FOODS_3_090,0,331.08978623016304
229,WI_3,FOODS_3_090,353,391.6185380427416
230,WI_3,FOODS_3_090,547,360.0962673492373
231,WI_3,FOODS_3_090,492,393.94360376367047
232,WI_3,FOODS_3_090,523,371.73025214893397
233,WI_3,FOODS_3_090,637,370.7535399197489
234,WI_3,FOODS_3_090,599,352.8186784843114
235,WI_3,FOODS_3_090,493,361.80572942207203
236,WI_3,FOODS_3_090,531,397.96514726485543
237,WI_3,FOODS_3_090,491,377.4717904044214
238,WI_3,FOODS_3_090,524,343.01721897459873
239,WI_3,FOODS_3_090,443,450.6838031044557
240,WI_3,FOODS_3_090,447,647.158923793929
241,WI_3,FOODS_3_090,541,586.512738223447
242,WI_3,FOODS_3_090,536,537.74666388696
243,WI_3,FOODS_3_090,489,523.7789571712821
244,WI_3,FOODS_3_090,468,478.9951858958964
245,WI_3,FOODS_3_090,521,498.5353475011916
246,WI_3,FOODS_3_090,511,441.5070156621463
247,WI_3,FOODS_3_090,501,373.6092911552822
248,WI_3,FOODS_3_090,530,372.3213437451505
249,WI_3,FOODS_3_090,554,418.25081803566053
250,WI_3,FOODS_3_090,449,355.8437799964611
251,WI_3,FOODS_3_090,441,288.13778868903415
252,WI_3,FOODS_3_090,713,267.0065747548337
253,WI_3,FOODS_3_090,366,496.26719248126847
254,WI_3,FOODS_3_090,0,371.1688803318366
255,WI_3,FOODS_3_090,0,279.6105023580648
256,WI_3,FOODS_3_090,0,295.35480462356276
257,WI_3,FOODS_3_090,0,491.8425654396275
258,WI_3,FOODS_3_090,82,435.6829790805914
259,WI_3,FOODS_3_090,574,394.0694048581229
260,WI_3,FOODS_3_090,583,392.2522714003894
261,WI_3,FOODS_3_090,517,371.48715305339147
262,WI_3,FOODS_3_090,573,407.63879398144496
263,WI_3,FOODS_3_090,522,279.68530311535403
264,WI_3,FOODS_3_090,661,272.39222927965653
265,WI_3,FOODS_3_090,598,272.91583458068095
266,WI_3,FOODS_3_090,617,275.4964607071585
267,WI_3,FOODS_3_090,547,367.19738143662835
268,WI_3,FOODS_3_090,609,374.64227380535885
269,WI_3,FOODS_3_090,456,371.14001672437536
270,WI_3,FOODS_3_090,612,390.17270672020385
271,WI_3,FOODS_3_090,533,357.0590332335466
272,WI_3,FOODS_3_090,568,360.6085950424495
273,WI_3,FOODS_3_090,621,357.5368118189547
274,WI_3,FOODS_3_090,546,305.7107172080551
275,WI_3,FOODS_3_090,561,390.83611962074355
276,WI_3,FOODS_3_090,471,335.2410131037108
277,WI_3,FOODS_3_090,513,263.7901421913979
194,WI_3,FOODS_3_226,360,344.0468812612051
195,WI_3,FOODS_3_226,325,326.55451554957983
196,WI_3,FOODS_3_226,314,335.43909183343186
197,WI_3,FOODS_3_226,377,350.84385452702384
198,WI_3,FOODS_3_226,311,368.4682508690437
199,WI_3,FOODS_3_226,275,367.42000372854557
200,WI_3,FOODS_3_226,338,350.09918450317775
201,WI_3,FOODS_3_226,357,357.0262391288053
202,WI_3,FOODS_3_226,318,344.90299211042145
203,WI_3,FOODS_3_226,328,369.49563444982226
204,WI_3,FOODS_3_226,406,365.6854981028786
205,WI_3,FOODS_3_226,338,334.8580715556272
206,WI_3,FOODS_3_226,305,329.6624378046371
207,WI_3,FOODS_3_226,322,332.0870667115043
208,WI_3,FOODS_3_226,250,331.3943155660411
209,WI_3,FOODS_3_226,269,290.5219987379147
210,WI_3,FOODS_3_226,332,336.58994905726297
211,WI_3,FOODS_3_226,443,356.3333563371152
212,WI_3,FOODS_3_226,387,359.45073643392453
213,WI_3,FOODS_3_226,312,349.0594694444457
214,WI_3,FOODS_3_226,398,363.26086766338864
215,WI_3,FOODS_3_226,316,367.4173744591769
216,WI_3,FOODS_3_226,361,348.71309387812795
217,WI_3,FOODS_3_226,256,340.74645585286635
218,WI_3,FOODS_3_226,300,331.7406911286576
219,WI_3,FOODS_3_226,381,339.0145780212877
220,WI_3,FOODS_3_226,350,337.9754513223406
221,WI_3,FOODS_3_226,265,347.67396717918075
222,WI_3,FOODS_3_226,275,322.38855083813314
223,WI_3,FOODS_3_226,335,337.9754513223406
224,WI_3,FOODS_3_226,281,339.0145780212877
225,WI_3,FOODS_3_226,272,330.008813297079
226,WI_3,FOODS_3_226,253,328.96968659813183
227,WI_3,FOODS_3_226,284,337.2827001897091
228,WI_3,FOODS_3_226,352,340.05370472023486
229,WI_3,FOODS_3_226,321,335.5508223581305
230,WI_3,FOODS_3_226,332,308.53352818550434
231,WI_3,FOODS_3_226,259,342.4783336844449
232,WI_3,FOODS_3_226,357,333.12619339392046
233,WI_3,FOODS_3_226,346,353.56235180654795
234,WI_3,FOODS_3_226,319,334.5116956591834
235,WI_3,FOODS_3_226,353,325.8523065012904
236,WI_3,FOODS_3_226,399,357.0261074697052
237,WI_3,FOODS_3_226,322,355.98698077075807
238,WI_3,FOODS_3_226,389,349.7522205770751
239,WI_3,FOODS_3_226,364,327.93055989918474
240,WI_3,FOODS_3_226,468,366.03187219391396
241,WI_3,FOODS_3_226,362,345.9420893476022
242,WI_3,FOODS_3_226,412,336.93632462339343
243,WI_3,FOODS_3_226,355,329.6624377307633
244,WI_3,FOODS_3_226,324,345.9420893476022
245,WI_3,FOODS_3_226,402,349.4058450107594
246,WI_3,FOODS_3_226,389,340.41631880995016
247,WI_3,FOODS_3_226,329,334.3573907303843
248,WI_3,FOODS_3_226,302,337.4347908721787
249,WI_3,FOODS_3_226,325,342.7706242741309
250,WI_3,FOODS_3_226,341,348.87528453807073
251,WI_3,FOODS_3_226,372,348.51219734114187
252,WI_3,FOODS_3_226,407,342.5126887729029
253,WI_3,FOODS_3_226,335,344.91205124175457
254,WI_3,FOODS_3_226,330,340.7128546901765
255,WI_3,FOODS_3_226,318,349.2311451076865
256,WI_3,FOODS_3_226,421,347.91140697277376
257,WI_3,FOODS_3_226,221,337.23353964441327
258,WI_3,FOODS_3_226,315,335.433899061545
259,WI_3,FOODS_3_226,294,336.2737312722666
260,WI_3,FOODS_3_226,288,336.03377920194094
261,WI_3,FOODS_3_226,231,321.8766073139631
262,WI_3,FOODS_3_226,284,337.83341969483183
263,WI_3,FOODS_3_226,349,344.6720535723926
264,WI_3,FOODS_3_226,405,345.7518378688463
265,WI_3,FOODS_3_226,323,342.1525568806277
266,WI_3,FOODS_3_226,374,347.0715742311891
267,WI_3,FOODS_3_226,395,348.51128662647545
268,WI_3,FOODS_3_226,352,342.03258084768646
269,WI_3,FOODS_3_226,333,339.2731320900541
270,WI_3,FOODS_3_226,378,336.1537552336002
271,WI_3,FOODS_3_226,314,338.67325192535145
272,WI_3,FOODS_3_226,327,338.3133238265298
273,WI_3,FOODS_3_226,323,341.67265274886483
274,WI_3,FOODS_3_226,268,332.9144023442057
275,WI_3,FOODS_3_226,327,338.3133238265298
276,WI_3,FOODS_3_226,348,338.67325192535145
277,WI_3,FOODS_3_226,378,335.5538750688975
